Date,Close,High,Low,Open,Volume,ticker
2022-01-19,40.609397888183594,41.57628831409273,36.74183618454706,36.74183618454706,129900,CEG
2022-01-20,43.51006317138672,46.76848242502698,39.59415822364066,39.59415822364066,153400,CEG
2022-01-21,43.51006317138672,48.29617085791801,41.52793880903563,41.576282585991756,329500,CEG
2022-01-24,41.38290786743164,43.51006745864418,40.49337048092854,43.43271445717741,110000,CEG
2022-01-25,40.51076889038086,43.43271077548951,39.961578117775716,41.09283800537707,23500,CEG
2022-01-26,41.78901290893555,43.56809176032869,40.851127846724374,43.519744279616624,90500,CEG
2022-01-27,44.244903564453125,47.977101139368,42.30145546211566,45.695239180297094,151600,CEG
2022-01-28,45.20212173461914,46.02397701807288,42.688208418318695,43.07496232707595,43600,CEG
2022-01-31,46.41073989868164,46.41073989868164,44.47695906956991,44.47695906956991,71300,CEG
2022-02-01,48.131797790527344,48.34451483609216,45.492187723083966,45.927289094287545,298800,CEG
2022-02-02,51.25484848022461,54.36823614102436,48.15113178703859,48.37835157684637,23860900,CEG
2022-02-03,51.84466552734375,54.6969931272434,48.63458948933972,50.46201187194145,8425500,CEG
2022-02-04,48.47988510131836,52.53115832442006,48.46054685029802,50.8584346509062,6757800,CEG
2022-02-07,44.544639587402344,48.38319558282675,44.47695755575859,48.34451908234629,9432500,CEG
2022-02-08,43.99351501464844,45.9853106486281,42.7075489591756,43.63576658464236,7277500,CEG
2022-02-09,45.743587493896484,45.878951563724875,42.42715302952383,43.26834666945331,4393100,CEG
2022-02-10,45.492191314697266,46.89418309331009,43.87748616211965,44.00317925497346,2450000,CEG
2022-02-11,46.49775314331055,47.29060286812958,44.53496707923339,45.21178731622989,3456800,CEG
2022-02-14,46.5171012878418,47.37763321943953,45.434184989862196,46.59445060778597,2155000,CEG
2022-02-15,46.41073989868164,46.84584132291063,45.63722830471579,46.12067351199373,2359800,CEG
2022-02-16,45.63722229003906,46.86517339729669,45.3954997182575,46.140005681951976,5855300,CEG
2022-02-17,43.790470123291016,45.521204943947424,43.69377886358164,44.786366123733856,3142600,CEG
2022-02-18,43.906497955322266,44.38027592858806,43.316694153491326,43.655108045365346,2018700,CEG
2022-02-22,42.098411560058594,44.16755655659822,42.05006777468414,43.90649568950288,2611100,CEG
2022-02-23,41.66329574584961,42.53349833604748,40.7834258772687,42.24342834705277,2791200,CEG
2022-02-24,42.99326705932617,43.255184971481064,40.956132676570085,41.85829314049145,2447900,CEG
2022-02-25,42.595542907714844,43.58500939406287,42.43063367690851,42.97386756709723,2040700,CEG
2022-02-28,44.60356903076172,45.2244097710842,41.18894125848535,42.003795655284286,5534900,CEG
2022-03-01,46.35939407348633,46.61160927364312,43.99243377730713,44.25435169699105,4212900,CEG
2022-03-02,47.97939682006836,48.79425127611272,45.913161774797615,46.56310331567076,3517100,CEG
2022-03-03,48.037601470947266,48.82335516241302,46.123664348528635,48.328620123174346,2072200,CEG
2022-03-04,49.47329330444336,49.51209677554788,46.80561572430181,47.6980733566897,2544600,CEG
2022-03-07,50.10384750366211,51.00600804755947,48.37712967421694,49.53150913388317,2726900,CEG
2022-03-08,50.753780364990234,53.6639742102328,49.32778419666047,49.64790729587851,3873700,CEG
2022-03-09,49.79342269897461,52.073073257901015,49.07557319460239,50.870191404778225,3050600,CEG
2022-03-10,49.783714294433594,50.094134666143795,47.795082631758,49.05616585439354,2692700,CEG
2022-03-11,47.843589782714844,50.288153223499926,46.84442434519867,49.88072413311754,3034100,CEG
2022-03-14,49.42479705810547,50.307555784459915,47.13544378083377,50.307555784459915,2916600,CEG
2022-03-15,49.75461959838867,50.045638269734326,48.40623025076802,49.80312209352908,2117400,CEG
2022-03-16,50.22024917602539,50.83139096358867,48.842755399351375,50.16204396275643,2989800,CEG
2022-03-17,49.463600158691406,51.132108908723254,49.38599320726973,50.326957140490464,2244600,CEG
2022-03-18,47.54286575317383,49.87102233876874,47.41676001599374,49.13377485028198,9663900,CEG
2022-03-21,47.746585845947266,47.95029854537171,47.145143065975326,47.44586445596129,2452000,CEG
2022-03-22,49.60910415649414,50.49186281412914,48.51293009794643,48.84275221731021,3841900,CEG
2022-03-23,49.463600158691406,50.22024943253721,49.18228051054249,49.18228051054249,2396200,CEG
2022-03-24,50.841094970703125,51.00600790756143,49.24727702739147,49.64791573538881,2335200,CEG
2022-03-25,52.18947982788086,52.20888156583268,50.472464874427786,50.67618127267032,2441200,CEG
2022-03-28,55.08027267456055,55.148176907757886,52.43199647835482,52.75211960671642,3127000,CEG
2022-03-29,54.643741607666016,55.672007732532734,52.994631019998934,55.2936831242891,2201300,CEG
2022-03-30,55.77872848510742,56.0600481777619,54.032612507413496,54.488540467384034,1934100,CEG
2022-03-31,54.56613540649414,57.311420084075586,54.11020384649228,56.59357063006222,3817600,CEG
2022-04-01,56.28315353393555,56.55477046189391,54.0326037581297,54.67284630296234,2156500,CEG
2022-04-04,56.63237762451172,56.94279802919567,55.8078204179112,56.61297588665609,1885100,CEG
2022-04-05,57.23380661010742,58.51429147890352,56.70027186485946,56.89428550872302,2143100,CEG
2022-04-06,57.81586837768555,58.2815028007698,56.62268895722924,57.13682588673775,2559400,CEG
2022-04-07,59.08663558959961,59.24184578007924,57.573333457046125,57.97105980143159,3925800,CEG
2022-04-08,62.103538513183594,62.95720018136887,59.07694140163589,59.38736180797428,4762100,CEG
2022-04-11,58.863529205322266,62.72632922259837,58.60161127929901,62.258755823359294,3487700,CEG
2022-04-12,60.017906188964844,61.3177931267319,59.05754414046359,59.173950876538775,2553000,CEG
2022-04-13,62.27814865112305,62.617677205324064,59.90149317775231,60.18281281925843,3405700,CEG
2022-04-14,60.67754364013672,62.78258587303321,60.31959028447135,62.20054855822014,1860100,CEG
2022-04-18,61.414798736572266,62.249051287094055,60.42533227841491,60.42533227841491,1216800,CEG
2022-04-19,64.71302032470703,64.88763228044314,60.99767415655194,61.72522273861791,2078800,CEG
2022-04-20,63.45192337036133,66.62403107255645,63.11724992909661,65.78977499899959,2182800,CEG
2022-04-21,60.7939453125,64.31528446644248,60.28951498850284,63.0541975549415,2493700,CEG
2022-04-22,60.56114196777344,62.526494076834325,60.42533349635817,60.629046203481074,2030500,CEG
2022-04-25,60.405921936035156,60.95885845146797,57.66063739405933,60.49322789639311,2261600,CEG
2022-04-26,58.155372619628906,60.35741967197162,58.11656914810239,59.94999062194871,2136500,CEG
2022-04-27,58.29118347167969,59.35825307911418,57.94195961455484,58.213576525428444,1991600,CEG
2022-04-28,59.47467041015625,59.51347018728799,57.03980584585487,58.41729969787266,3354600,CEG
2022-04-29,57.43753433227539,60.008207461422046,57.37933281420638,59.658983550994215,2578400,CEG
2022-05-02,56.457759857177734,58.19417636075489,55.19667663074563,57.52482942558119,2488200,CEG
2022-05-03,57.91286087036133,58.64040936446008,56.700280046863405,56.700280046863405,2224200,CEG
2022-05-04,59.95970153808594,60.43017981778592,58.0515814554367,58.32028979671777,2628900,CEG
2022-05-05,58.359092712402344,60.13431290510952,57.398727022814285,59.387362635541734,1946800,CEG
2022-05-06,58.46580505371094,59.39706635947204,56.94280363684013,58.456102333576055,2861000,CEG
2022-05-09,55.89512634277344,58.756817915359264,54.876559159447126,58.756817915359264,2193700,CEG
2022-05-10,55.332489013671875,58.077770073199055,55.03661899676394,56.506266362436094,2156200,CEG
2022-05-11,55.65260314941406,57.26291018194165,54.83774876545416,55.40038799032053,1877000,CEG
2022-05-12,51.99715805053711,56.25650729773164,51.617901281503954,55.73138453809681,3785600,CEG
2022-05-13,53.10575485229492,54.3611942992087,52.152749635966494,53.027956691147864,2317500,CEG
2022-05-16,55.031211853027344,55.55633828354662,52.84318876881731,52.920983216142226,1631900,CEG
2022-05-17,57.68600845336914,57.84160104605012,54.43800983523614,55.284044326087724,2215100,CEG
2022-05-18,55.702205657958984,58.59526070083992,55.36184798685318,57.783258183281106,4609100,CEG
2022-05-19,55.65359115600586,55.92587732954791,53.40721909542124,55.55634715391824,2181100,CEG
2022-05-20,55.08955764770508,57.316475986650325,53.961510397147705,55.92586553428821,2266200,CEG
2022-05-23,55.04093551635742,56.00366731873532,54.32132110292941,55.91614624579187,1581800,CEG
2022-05-24,55.215972900390625,55.77999836841106,53.55307636749457,54.99230877985081,1682300,CEG
2022-05-25,57.54014205932617,57.70546128514787,55.313223645014574,55.313223645014574,1974700,CEG
2022-05-26,60.74924850463867,61.306463168670824,57.540144910274364,57.549871535015335,3260100,CEG
2022-05-27,64.76548767089844,64.80438675289192,60.292197111025445,60.68118051171903,2793800,CEG
2022-05-31,60.369991302490234,64.56126880654308,59.67954562621144,63.73468377148673,7389300,CEG
2022-06-01,61.89674758911133,62.15930711252303,60.438065434234744,60.66172958616136,2008600,CEG
2022-06-02,61.993995666503906,62.3538066260051,60.27275016519707,61.93564704100136,1758500,CEG
2022-06-03,63.374881744384766,64.00697889021336,61.38135001390975,61.5174931014123,1793500,CEG
2022-06-06,64.5612564086914,65.09610937414625,63.58394226553049,63.76384398152923,2033200,CEG
2022-06-07,64.71685791015625,64.8627201677225,63.36611850271712,63.71522341968162,2721700,CEG
2022-06-08,62.98588943481445,64.63906692308544,61.39106798489676,64.60989446833938,1922200,CEG
2022-06-09,59.52395248413086,62.68443032217904,59.47533049008496,62.48994234599544,1811000,CEG
2022-06-10,58.14306640625,59.37808429922589,57.57904090930438,58.2014113130925,1540800,CEG
2022-06-13,53.9517936706543,57.36511221066791,53.679507504589,56.66494354407624,2113200,CEG
2022-06-14,52.94043731689453,54.924245974485075,51.851288993159194,54.48664057801354,2330400,CEG
2022-06-15,56.59686279296875,57.914538431648786,54.146276568284556,54.16572610692731,3891700,CEG
2022-06-16,56.655208587646484,56.74272965810113,54.53526077702754,54.778374449443774,4837000,CEG
2022-06-17,56.499610900878906,57.86104882773233,53.956644193652274,56.93721621376893,6478700,CEG
2022-06-21,58.71681594848633,59.26138820747747,56.499616705270014,56.499616705270014,4363600,CEG
2022-06-22,57.57904815673828,58.76544420680284,57.24355377130482,57.64711969636946,3233400,CEG
2022-06-23,57.03447341918945,59.543404782483115,56.198161728218054,58.2305923343158,2667600,CEG
2022-06-24,57.64710998535156,58.67791324123948,56.38291969279246,57.21923127837435,6473700,CEG
2022-06-27,57.78325653076172,58.22183380848417,56.81080183013265,57.491520862497055,1718900,CEG
2022-06-28,56.48017501831055,59.232220097962646,56.23706132496648,58.1916937872197,1401700,CEG
2022-06-29,55.73137664794922,56.55309829464595,54.768644923946006,56.36346993697593,1412200,CEG
2022-06-30,55.68275833129883,57.21340341080681,54.992316336974376,55.332677731227946,2424400,CEG
2022-07-01,56.01338577270508,56.48989017847455,55.06038067078619,55.15762836054529,1531900,CEG
2022-07-05,53.426658630371094,55.789723792757336,51.433127284017736,55.5757862863132,2696000,CEG
2022-07-06,55.19651794433594,55.64384985112436,53.05712092844374,53.611419718331035,1716600,CEG
2022-07-07,57.481807708740234,58.250047943001356,55.9842263251575,55.9842263251575,1872100,CEG
2022-07-08,58.00692367553711,58.16251627737309,55.838346454869004,57.31647802712096,2096000,CEG
2022-07-11,58.191688537597656,58.483424201368194,56.801078040350525,58.0069234827877,1774700,CEG
2022-07-12,57.59849166870117,59.42670755078585,57.297029375019136,57.77353381217844,1808400,CEG
2022-07-13,58.1722412109375,58.619569493038256,56.54824360476372,56.54824360476372,1577200,CEG
2022-07-14,56.3245735168457,57.345653902745205,55.51743805812559,56.68438442085343,2608600,CEG
2022-07-15,54.1268310546875,55.08567149431863,51.19001727440408,53.44611199005139,5186100,CEG
2022-07-18,53.30024719238281,55.10900994555662,53.086305956252566,54.778378885530664,2583100,CEG
2022-07-19,53.48500442504883,53.971231738003816,52.677865304925945,53.91288312498602,2326200,CEG
2022-07-20,52.580623626708984,53.82050481283993,51.899904616864944,53.6405993637121,2803600,CEG
2022-07-21,52.668148040771484,53.344003781510416,51.84156300392572,52.376412363627125,1816800,CEG
2022-07-22,52.51254653930664,54.06847236032708,51.94852111067438,53.28078653639413,1503100,CEG
2022-07-25,53.446109771728516,53.5433574681376,51.899906640217075,52.49310460464138,1847700,CEG
2022-07-26,53.97123336791992,55.10900353397734,53.37803543466123,53.87398938624019,1993500,CEG
2022-07-27,54.00040817260742,54.2240723079091,52.687595814647935,53.51418082378979,1557200,CEG
2022-07-28,62.81084442138672,64.12366417898902,60.47695540767452,60.85621585017171,8460600,CEG
2022-07-29,64.27926635742188,64.76549379948897,61.88702823276079,62.091242868119934,3895200,CEG
2022-08-01,63.50129699707031,64.76548369771857,62.363519321473824,64.23063804641228,2735200,CEG
2022-08-02,64.02642059326172,64.95025710657404,63.19983549552853,63.50130152918942,1722900,CEG
2022-08-03,65.31977081298828,65.52398537964928,63.73467255600654,64.79464446190022,2286700,CEG
2022-08-04,65.6017837524414,66.48672096361564,63.70550032741022,63.70550032741022,2425900,CEG
2022-08-05,72.25337982177734,73.887103848222,67.82870841954481,67.83843504294192,4216800,CEG
2022-08-08,73.79956817626953,75.49163685470647,72.90491185610644,74.88871983944986,3183600,CEG
2022-08-09,73.63428497314453,74.6553581493776,72.95356210308051,73.66345743257376,2945700,CEG
2022-08-10,74.99569702148438,75.07348774629664,73.42031799101588,73.95517095732167,2134600,CEG
2022-08-11,76.65860748291016,77.85472263568094,74.56782834766116,74.99571079931418,2540200,CEG
2022-08-12,79.39707946777344,79.57243527800982,77.00055501623325,77.59481596022678,2170800,CEG
2022-08-15,79.10481262207031,80.30307849314872,78.17932822051131,78.17932822051131,1980100,CEG
2022-08-16,79.2996597290039,79.99133890285117,78.81256109115073,79.00739757327786,1878800,CEG
2022-08-17,77.64350128173828,79.3483461053997,77.05898454298965,78.34492434125006,2502200,CEG
2022-08-18,79.49449157714844,80.02542727765001,77.37074134260723,77.37074134260723,1939600,CEG
2022-08-19,78.75411987304688,79.18276913807287,77.78966645927524,78.23779640337658,1704000,CEG
2022-08-22,77.59480285644531,78.66641821246115,77.4681524727798,78.66641821246115,1724600,CEG
2022-08-23,77.69221496582031,78.80279901148138,77.54608392138414,78.19879416299423,1065800,CEG
2022-08-24,78.29623413085938,78.72975160135118,77.26358001187982,77.60455498875643,1430200,CEG
2022-08-25,80.6050796508789,80.69276126967542,77.70684427308011,77.94552527879446,1551700,CEG
2022-08-26,78.7443618774414,81.0824366563487,78.52029324993771,80.60507467439189,1641000,CEG
2022-08-29,78.90998077392578,79.87443401338604,77.10771726744815,77.59481591420078,1191200,CEG
2022-08-30,77.63378143310547,79.47501364579807,76.94210227570824,79.47501364579807,1802800,CEG
2022-08-31,79.48474884033203,80.2641096013882,77.51687369584103,78.18907216643859,3016500,CEG
2022-09-01,80.39075469970703,80.79992319801465,79.06585326280633,79.48475094976237,2421100,CEG
2022-09-02,78.97816467285156,81.53056394683466,78.87100238900842,80.44920448807906,2232200,CEG
2022-09-06,80.13746643066406,80.56610815886219,78.9879133989538,79.5919109263123,2013300,CEG
2022-09-07,80.76095581054688,82.28070118539856,79.57632859104808,80.46869365421291,1759100,CEG
2022-09-08,83.57637786865234,83.7322455542213,80.73172385607293,80.73172385607293,2184400,CEG
2022-09-09,85.25200653076172,85.54426125687519,83.23054270393354,84.26806519134819,1905300,CEG
2022-09-12,85.85599517822266,86.37232592924026,85.203284848538,86.27490026478074,1733800,CEG
2022-09-13,84.15115356445312,85.75858047115314,83.55689266299109,84.6577402833396,1974200,CEG
2022-09-14,85.778076171875,86.24568671874594,84.03426209398593,84.15116101443586,3600300,CEG
2022-09-15,84.56033325195312,85.98266049607705,84.08297119733967,85.61246074494531,3631800,CEG
2022-09-16,83.362060546875,84.61877592386733,82.70252708879352,84.37522660505181,6245600,CEG
2022-09-19,87.05427551269531,87.38549904302069,83.05032382237444,83.19645491091512,4407400,CEG
2022-09-20,85.48580932617188,87.85310895865958,85.30070946887773,86.12878308359247,4626000,CEG
2022-09-21,85.0279312133789,87.76542299229202,84.97922581244922,86.49897108009708,2155100,CEG
2022-09-22,83.17695617675781,85.72935557527987,82.44630825992304,85.72935557527987,1863300,CEG
2022-09-23,81.68643188476562,82.16378642085239,80.03516796543842,81.62311412232229,2678800,CEG
2022-09-26,80.78043365478516,82.75805287006995,79.54320642573961,81.51108158747866,1973300,CEG
2022-09-27,81.8033447265625,83.2110594633385,80.93630976384428,81.5305706842514,1777800,CEG
2022-09-28,82.82623291015625,83.32307550469835,81.03371384107449,81.93971742757648,1564300,CEG
2022-09-29,80.8973388671875,83.98554230232958,79.95236636492764,82.8554773805025,1823700,CEG
2022-09-30,81.04346466064453,82.2709477390263,80.0984922199212,81.13113883801414,3267800,CEG
2022-10-03,84.35572052001953,84.6674707168993,81.7059107393455,82.83597547289955,2026700,CEG
2022-10-04,87.0347900390625,87.15656471111124,84.91104689376706,86.02163130824873,1679100,CEG
2022-10-05,85.89497375488281,87.16143321196529,83.3815429488465,85.41761916122857,1766700,CEG
2022-10-06,84.05374145507812,87.58910129939554,83.73225456379842,85.95343064056551,1677300,CEG
2022-10-07,82.21251678466797,83.53742582382364,81.21883872156933,83.49845703649127,2017200,CEG
2022-10-10,82.53399658203125,83.42051226158243,81.76437982185111,82.7580577991828,982800,CEG
2022-10-11,80.74147033691406,83.11851415054277,80.41999087350109,82.23199846380237,1534200,CEG
2022-10-12,80.04004669189453,81.4331415730646,79.57242875873042,80.96553107243538,1878400,CEG
2022-10-13,81.65721130371094,82.144309917413,77.25384310615976,78.48132626126375,2746500,CEG
2022-10-14,79.16326141357422,82.5729513922061,78.62745001534691,82.03713999397878,1693300,CEG
2022-10-17,82.99185180664062,84.06346711049719,80.99474481522266,81.07268236560267,1678900,CEG
2022-10-18,84.2778091430664,85.1448441314614,82.32941457453198,84.26806508911382,1598900,CEG
2022-10-19,83.47896575927734,84.00503317266212,82.37811809639364,82.89444145604853,1325800,CEG
2022-10-20,82.37811279296875,84.49212636413954,82.00792053295369,84.14141477779484,2076500,CEG
2022-10-21,85.0279312133789,85.2032870083025,81.50134207357706,82.51450063031908,1749200,CEG
2022-10-24,85.3202133178711,85.4468563089703,83.36207438835407,85.3085219378019,1325000,CEG
2022-10-25,85.87548065185547,86.27489762026477,84.51160314910935,85.24225101495179,1647200,CEG
2022-10-26,86.48922729492188,87.36600627225691,85.07664431049062,87.36600627225691,1370100,CEG
2022-10-27,90.63931274414062,90.7367309823243,87.48778405579336,87.48778405579336,3345800,CEG
2022-10-28,91.33099365234375,92.79423687502742,89.45079263238608,90.49318340930343,1958000,CEG
2022-10-31,92.10059356689453,92.95788432839399,90.96565306777273,91.71091324529152,2276600,CEG
2022-11-01,93.05531311035156,93.75673628232597,91.5794049495449,92.7825390840359,1467400,CEG
2022-11-02,90.68802642822266,93.8054623625179,90.58087155921027,92.23700405716949,1966100,CEG
2022-11-03,91.9739761352539,92.98713484692964,89.78203207978116,89.78203207978116,1484400,CEG
2022-11-04,91.88628387451172,93.72751607342806,90.3519261862598,92.63641248303739,1974300,CEG
2022-11-07,91.08744049072266,92.607185782531,90.56137309758861,92.607185782531,2120300,CEG
2022-11-08,85.28123474121094,90.70264523444294,83.85890753830157,87.24911006782918,4345400,CEG
2022-11-09,85.09612274169922,87.59980921333303,84.10244488193125,84.75515521298152,2241500,CEG
2022-11-10,92.68512725830078,93.36706237123404,85.92419585635416,88.1648525403382,4885600,CEG
2022-11-11,89.92813110351562,93.39627780205058,89.24132780299696,92.8312417053888,3133200,CEG
2022-11-14,91.63658142089844,92.41713451096027,89.76326293743718,89.76326293743718,1997000,CEG
2022-11-15,91.22679138183594,92.4464008922883,90.39745840350949,92.21223795057504,2537200,CEG
2022-11-16,89.45103454589844,92.22198360441996,89.06075803858275,92.01709011295789,1384600,CEG
2022-11-17,87.86065673828125,89.23637215454274,86.70934526409366,88.23141528478409,1792500,CEG
2022-11-18,91.0316390991211,91.16823474216201,87.83723646706954,87.92895281136965,2515700,CEG
2022-11-21,91.11946868896484,91.92929122190036,90.50478815162548,91.78293658617974,1744800,CEG
2022-11-22,93.92942810058594,94.01724384244395,91.80242914904903,92.26100344432923,1567600,CEG
2022-11-23,94.27094268798828,95.51006271851101,92.1195496499704,93.69528310814427,1135900,CEG
2022-11-25,94.79781341552734,95.08075627672955,93.66601219509513,94.25142328253331,631700,CEG
2022-11-28,92.50494384765625,94.24166667613216,92.08539785979586,93.73431237272021,1590100,CEG
2022-11-29,92.13417053222656,92.79763832717052,91.05115681630475,92.38785136544465,1436200,CEG
2022-11-30,93.78309631347656,94.5831598607017,91.48047294460306,91.85123155881276,3361800,CEG
2022-12-01,92.17320251464844,95.40272586967082,91.59754299884118,94.64169078428591,1748600,CEG
2022-12-02,89.80229187011719,91.21703597986932,88.82660422369337,90.72919215665742,1848700,CEG
2022-12-05,87.87041473388672,89.38273335135212,87.61674134099836,88.79732233436404,2397000,CEG
2022-12-06,88.57291412353516,88.67048138923148,87.61674449824382,87.67528336888057,1237500,CEG
2022-12-07,89.7339859008789,90.93407742863987,88.38753230673059,88.6704825918211,1237200,CEG
2022-12-08,89.1875991821289,90.72430403832975,88.71926590033061,90.08522990801191,1002400,CEG
2022-12-09,87.5386962890625,89.62666724403822,87.509426850875,89.13882342383069,1384600,CEG
2022-12-12,88.67048645019531,88.70951484748247,86.9044942754086,87.79237356490388,1554100,CEG
2022-12-13,88.6314697265625,90.45600845954284,88.19241322608863,89.74376058598243,1629900,CEG
2022-12-14,88.64120483398438,90.04619716765501,87.69478680054816,89.31443156785232,2561600,CEG
2022-12-15,87.5191650390625,88.6412071434412,87.25573269158811,88.60217875049968,2245100,CEG
2022-12-16,86.0556411743164,86.44591769326475,83.84083365343567,86.00686126188877,3911700,CEG
2022-12-19,85.59707641601562,86.51421769808154,84.88482119275791,86.231267400837,1238100,CEG
2022-12-20,85.43119812011719,85.97758820117338,85.006776424752,85.8605030172531,1306600,CEG
2022-12-21,87.47039794921875,87.97775224399973,84.60187392083661,85.85075290236448,1409500,CEG
2022-12-22,85.20679473876953,87.20207397350006,84.42624172843766,86.96302784615844,1548300,CEG
2022-12-23,85.89955139160156,86.08493444828468,85.01167195581066,85.39218958717622,600700,CEG
2022-12-27,85.50926208496094,86.74838952607442,85.14825498717477,86.28981515545317,634400,CEG
2022-12-28,84.50431823730469,86.19225390846165,84.31893517921313,85.81173627420513,752000,CEG
2022-12-29,84.66040802001953,85.55804625076226,84.18232319023313,85.04093302451702,870800,CEG
2022-12-30,84.11402130126953,84.49453884351226,83.05052546369504,84.49453884351226,1343300,CEG
2023-01-03,79.9185791015625,84.02622322080668,78.8258062521567,83.90913802282913,4030600,CEG
2023-01-04,81.38211822509766,81.70408952295175,79.31365752991793,79.95760756953284,2612200,CEG
2023-01-05,80.40641784667969,81.87970074763246,79.89418037326512,80.90401315785446,1906300,CEG
2023-01-06,81.46992492675781,83.08957012113139,81.06013786935242,81.58701013340503,1914100,CEG
2023-01-09,81.957763671875,83.13834485054636,81.5479766400531,81.81140903367971,1301500,CEG
2023-01-10,81.06012725830078,81.46015530181053,79.5965958643715,81.37234699124947,1376700,CEG
2023-01-11,82.06507873535156,82.3236353352625,80.43568234695677,80.98206498165081,1696200,CEG
2023-01-12,82.28948974609375,82.73831259892214,80.75766049071866,81.8406743371711,1496700,CEG
2023-01-13,83.08955383300781,83.62130175163338,81.42112160195225,81.77236970913184,1366200,CEG
2023-01-17,81.34307098388672,82.95294943204607,80.98206392273859,81.88945361143631,2763600,CEG
2023-01-18,79.86001586914062,82.45534804541661,79.78195908701854,81.29427760404005,2084900,CEG
2023-01-19,78.87458038330078,79.80148805051687,78.79164783228082,79.61610502829255,1635500,CEG
2023-01-20,80.9820785522461,81.07964583280489,78.49407195651214,79.14778836845935,1795100,CEG
2023-01-23,82.0943603515625,82.24071499154485,80.55082173561316,80.91377915847565,1596200,CEG
2023-01-24,81.86995697021484,82.18217673070058,80.96256712819283,81.95776528852039,1176000,CEG
2023-01-25,81.37235260009766,81.52845875537932,80.48447325350595,81.39186307804307,1535200,CEG
2023-01-26,83.79205322265625,83.97743625935766,81.25526680568056,81.59675599652047,2161100,CEG
2023-01-27,84.47503662109375,84.5530934178733,82.77733478871498,83.7920508151315,1455100,CEG
2023-01-30,80.39665222167969,84.7384586586978,80.25029760656454,83.8310689776698,3045800,CEG
2023-01-31,83.28470611572266,83.42130180386557,80.37715337402335,80.8649972442214,2509000,CEG
2023-02-01,83.33348083496094,83.78229623416935,80.8601092153006,83.37738499007897,2623400,CEG
2023-02-02,83.25542449951172,84.57260126764511,81.71871206676808,83.40177912795001,2389600,CEG
2023-02-03,81.17720794677734,83.08956225476676,81.03086075720672,82.32851964947014,1807200,CEG
2023-02-06,81.2357406616211,81.81139269460769,80.50397506069633,80.99181879464618,1502000,CEG
2023-02-07,83.8408432006836,84.17257344102642,80.3283690179818,81.30405670450487,2032900,CEG
2023-02-08,82.28948974609375,82.93344714405173,82.09435520096416,82.68952524068688,2005900,CEG
2023-02-09,82.36752319335938,83.38223891698901,81.88943848257837,82.86512581946413,1975000,CEG
2023-02-10,84.69943237304688,84.88481538640015,82.12361788097196,82.16264627556767,1350300,CEG
2023-02-13,84.28965759277344,85.17753694951945,83.85060111687223,84.77750142995532,1173500,CEG
2023-02-14,83.96766662597656,85.4721766217404,83.0797948426438,83.83107096700229,2383100,CEG
2023-02-15,83.91888427734375,84.38233435281924,82.30899840746135,82.44559406246665,2030600,CEG
2023-02-16,83.54812622070312,85.78245171028344,82.86027212243833,82.93344571462428,3037600,CEG
2023-02-17,82.494384765625,83.94815712088463,79.90881128703477,83.12857571366158,3570700,CEG
2023-02-21,78.416015625,80.99183031100195,77.957441258857,79.62586617293286,5056000,CEG
2023-02-22,75.90849304199219,77.38177585715286,74.5425290070646,77.38177585715286,3341000,CEG
2023-02-23,77.29397583007812,77.51350405972394,76.1036357213601,76.1036357213601,1584900,CEG
2023-02-24,77.6190414428711,77.75613253752978,75.86632832387846,76.11112157709498,1529100,CEG
2023-02-27,76.73779296875,78.43175812536734,76.37060308289108,77.76592016685659,1326200,CEG
2023-02-28,73.33028411865234,76.3657197005374,72.8504913177364,76.18946821666025,3584800,CEG
2023-03-01,72.80152893066406,73.81986999715426,71.31318889225467,72.5861096224932,2594400,CEG
2023-03-02,74.5934066772461,75.1319548677048,72.45880903128823,72.58609884426126,1949900,CEG
2023-03-03,77.33509063720703,77.55050243260247,74.41715166642565,74.64236475454031,2304600,CEG
2023-03-06,77.15884399414062,77.23717216529917,75.73903850348378,76.72800543552779,2295000,CEG
2023-03-07,76.277587890625,77.42321865334006,75.70966568551053,77.42321865334006,2203900,CEG
2023-03-08,76.44403839111328,76.81612145429186,75.49423935377868,76.13070331935833,1261600,CEG
2023-03-09,77.00216674804688,78.5198879379983,75.78799427838418,76.41466442211313,3110500,CEG
2023-03-10,75.93488311767578,78.11843512618543,75.63133435185495,77.54072653566892,2895700,CEG
2023-03-13,75.49424743652344,76.96790779015313,74.89695122477619,75.32778979600323,2242400,CEG
2023-03-14,76.30696868896484,77.45259955376963,75.56279495631014,75.88592390910085,2142800,CEG
2023-03-15,75.7194595336914,76.25800027003247,74.7598665843684,75.68029171223964,1957000,CEG
2023-03-16,76.79654693603516,77.39384312781883,74.44652998956637,75.02424600626605,1962900,CEG
2023-03-17,75.1711196899414,76.82592470953647,74.40247264927925,76.10133866785212,3896500,CEG
2023-03-20,75.39633178710938,76.79654967626134,75.3082097903402,75.45507978495549,1629500,CEG
2023-03-21,74.92633819580078,76.48322763923841,74.38779735902635,75.96426698159236,2045700,CEG
2023-03-22,72.87005615234375,74.74028025249929,72.85047597847974,74.68152478991232,1863400,CEG
2023-03-23,71.8713150024414,73.5652804697718,71.2544310999291,73.11486169029382,1655400,CEG
2023-03-24,71.91047668457031,71.98880485698524,69.67796315503594,71.04879955352331,2777200,CEG
2023-03-27,73.70236206054688,73.85414017884882,71.91048081656275,71.91048081656275,3225500,CEG
2023-03-28,73.93736267089844,75.21028321512478,73.29501938170958,73.50652411751526,1752200,CEG
2023-03-29,74.2996597290039,74.96549780384521,73.8541416005686,74.70112432685613,2299500,CEG
2023-03-30,75.22007751464844,75.82716752821865,74.41715586857062,75.0927877005683,1737800,CEG
2023-03-31,76.8650894165039,76.96300523376291,75.13195629247573,75.22007828685945,2984400,CEG
2023-04-03,75.02424621582031,76.91405061286565,74.88716257835571,76.37550241532762,1894900,CEG
2023-04-04,74.4367446899414,75.36696372864837,73.55549477079632,75.07320877526749,1316200,CEG
2023-04-05,74.90675354003906,75.51384364373014,74.10383177476972,74.29966343634798,1204800,CEG
2023-04-06,75.35716247558594,75.37675012147962,74.57382846129386,75.01445337742702,1223000,CEG
2023-04-10,75.7194595336914,75.75862735514318,74.28007384495594,74.9361180456523,1485500,CEG
2023-04-11,75.80758666992188,76.18946361685067,75.56769401919654,76.14050943958975,1371500,CEG
2023-04-12,75.21028900146484,76.32654582065751,75.06341900196459,76.30696564422362,1171100,CEG
2023-04-13,75.5334243774414,75.97404935448401,74.5836251237505,75.0927994003988,1324700,CEG
2023-04-14,74.83820343017578,75.03893571690574,73.92757211065506,74.7304937870767,1328400,CEG
2023-04-17,73.4771499633789,75.22497005372603,73.10506687656638,74.9850774265105,1093300,CEG
2023-04-18,72.9288330078125,74.36821152971369,72.62528419514655,73.77091519993512,1235200,CEG
2023-04-19,73.19320678710938,73.82967094892331,72.95134935975013,73.40862611607714,1039300,CEG
2023-04-20,74.87738037109375,74.9752962029725,73.13445316395503,73.18340734464485,1926900,CEG
2023-04-21,74.95569610595703,75.36204632674476,74.37798015154702,75.22006952882457,1178900,CEG
2023-04-24,75.68029022216797,75.7243512189969,74.02548528327836,74.83820075378019,1094300,CEG
2023-04-25,75.3277816772461,75.5334071175792,74.26047918732962,75.04382060140588,1722400,CEG
2023-04-26,74.28006744384766,75.36695011635287,73.88839673358045,74.91653141421969,3100600,CEG
2023-04-27,75.15153503417969,75.63132775894515,74.39757503811967,74.68152866160484,1865700,CEG
2023-04-28,75.78800201416016,75.85654383467362,74.71091306159227,75.2984154474931,2233400,CEG
2023-05-01,75.44529724121094,76.03279966082708,75.16133611978844,75.90550236506955,1788300,CEG
2023-05-02,75.19071960449219,75.78801592308409,74.36821013688223,75.13197159626988,2554000,CEG
2023-05-03,74.91653442382812,75.98382949492265,74.56403151747635,75.59215876892091,1607000,CEG
2023-05-04,76.95320892333984,78.69614328440015,73.34985915350124,75.37674713428433,3830400,CEG
2023-05-05,77.83446502685547,78.77447027499069,76.64966651189866,77.472175773078,2359300,CEG
2023-05-08,77.07071685791016,78.18697363849392,76.45384046985014,78.07926399558689,2360100,CEG
2023-05-09,77.30572509765625,77.45260257925294,76.18946819031991,76.35593332039564,3158300,CEG
2023-05-10,77.80020141601562,78.45135243203185,77.10498940287374,78.18697150828193,1629400,CEG
2023-05-11,77.74813079833984,78.1706752726773,76.88338443386831,77.21749302844344,2497400,CEG
2023-05-12,78.4654541015625,78.9960917704642,77.49262212379573,78.07238832862352,1991000,CEG
2023-05-15,78.87816619873047,79.68394762287657,77.8070697007643,79.23192462856103,2048300,CEG
2023-05-16,77.63019561767578,78.79956425453501,76.97181474528706,78.79956425453501,3709100,CEG
2023-05-17,78.99608612060547,79.23192256865923,77.34521599001808,77.71862432419533,2329500,CEG
2023-05-18,79.98858642578125,80.05737237829067,78.18245099199427,78.87817498184944,2849300,CEG
2023-05-19,80.87298583984375,81.79177127742005,80.11633283481056,80.31286949064697,2444800,CEG
2023-05-22,82.08164978027344,82.50419419510224,80.8828024871728,81.29552569259394,1908300,CEG
2023-05-23,82.58281707763672,83.09379741066292,81.72298885112868,81.9146074131519,2232200,CEG
2023-05-24,81.86546325683594,82.907088731717,81.1186464977667,82.58280889056233,2430300,CEG
2023-05-25,81.31517791748047,81.75737226078726,80.47991777061952,81.75737226078726,1863100,CEG
2023-05-26,82.3960952758789,82.49435984297568,80.88279695184978,81.51169917779619,2267100,CEG
2023-05-30,82.24871063232422,83.57039068292376,81.69351234682544,82.4059399678651,2198200,CEG
2023-05-31,82.56315612792969,83.08397264325863,81.02037899030086,82.0816544408894,5214700,CEG
2023-06-01,87.3388900756836,87.61600564203246,83.31981096223053,83.40333623141032,3646900,CEG
2023-06-02,86.0221176147461,87.50593735432638,85.75679503033659,87.12270028538471,3225600,CEG
2023-06-05,85.99266052246094,87.27011523971726,85.66838061459967,86.29728301324141,1819000,CEG
2023-06-06,87.99728393554688,88.33138503284238,85.62906763947626,85.62906763947626,2311500,CEG
2023-06-07,89.23542022705078,89.3042061796038,87.58454986867197,87.99727308109658,2452100,CEG
2023-06-08,90.69960021972656,90.86468652419828,89.48109535752002,89.90363982647236,3075700,CEG
2023-06-09,91.67243194580078,92.1441049572197,90.49323442303881,90.69959979978034,2530100,CEG
2023-06-12,92.12444305419922,92.38975815146851,91.26952552369796,91.38744750976562,1720700,CEG
2023-06-13,92.61576843261719,93.67704375878975,91.96720878980975,92.33079593778719,2429900,CEG
2023-06-14,91.583984375,93.3527768295608,91.16143992736086,92.89092504991953,2573200,CEG
2023-06-15,91.8394775390625,92.12445007093476,91.34814713868418,92.09497144644916,3712300,CEG
2023-06-16,91.27935791015625,92.881092259009,91.13195729590566,91.9672174471834,4963400,CEG
2023-06-20,90.39496612548828,91.741214138805,90.29670154356968,91.51519885299588,1846900,CEG
2023-06-21,88.9308090209961,89.45653618674838,87.63860757371606,89.30421745383826,2684900,CEG
2023-06-22,87.70248413085938,89.11260010408503,86.34149670370017,88.93081023913471,3205600,CEG
2023-06-23,88.79322814941406,89.12732921400423,87.57473088869293,88.0857111925093,2875900,CEG
2023-06-26,89.05854034423828,89.6186566672672,88.13484434483492,88.6851319612545,1890400,CEG
2023-06-27,89.27472686767578,89.43686678967937,88.41981682070148,89.39264885561653,1472800,CEG
2023-06-28,88.97993469238281,89.32386445848041,88.15449575664194,89.32386445848041,1605400,CEG
2023-06-29,89.29438781738281,89.76115018866963,88.5770421489359,88.9406293366565,1738700,CEG
2023-06-30,89.96258544921875,90.6897522305674,89.46142641884735,90.45391577390677,2667100,CEG
2023-07-03,90.01172637939453,90.14929828948443,88.76375048154843,89.43196011503089,1089100,CEG
2023-07-05,90.5423583984375,91.59380507194244,89.76605552777775,89.83484147848905,2087300,CEG
2023-07-06,89.42213439941406,89.8839861832119,88.29207295978027,89.8839861832119,2263300,CEG
2023-07-07,89.74639892578125,90.11980727366496,89.08801808986559,89.42211911211325,1334000,CEG
2023-07-10,91.97704315185547,92.00652177432205,89.79553512405097,89.79553512405097,1539300,CEG
2023-07-11,92.72386932373047,92.79265527660878,91.24987819310368,92.21288153340016,1260900,CEG
2023-07-12,94.39437866210938,94.49265072377602,92.44871479364345,93.29380354365776,1532600,CEG
2023-07-13,93.61808776855469,94.40421937927755,93.23485067003163,94.18803281147343,1462400,CEG
2023-07-14,93.35276794433594,93.87849502558085,93.05698461000881,93.24467466589505,1259900,CEG
2023-07-17,94.51231384277344,95.23948071864841,92.83196481356016,92.83196481356016,1951400,CEG
2023-07-18,93.71635437011719,94.97415887613838,92.2620132243388,94.33542791686337,1925300,CEG
2023-07-19,93.08746337890625,93.88341624917584,92.30133171898302,93.18572796211987,1785300,CEG
2023-07-20,95.20999908447266,95.63254350515601,93.5886073540781,93.84410124723946,1600300,CEG
2023-07-21,94.92504119873047,96.44816858869295,94.64006863880358,95.88805217700431,5081100,CEG
2023-07-24,94.87590026855469,95.13138667063916,94.09959736120564,94.92502880875246,1077800,CEG
2023-07-25,95.8290786743164,96.45798848862313,94.2371729638889,94.28630150601285,854800,CEG
2023-07-26,95.6521987915039,96.53659501201737,94.99381785399657,94.99381785399657,1243000,CEG
2023-07-27,93.76548767089844,96.05508903492395,93.54930110473546,96.03543911850305,897900,CEG
2023-07-28,94.0799331665039,94.98398670684102,93.60826022964696,94.59092092805612,1135900,CEG
2023-07-31,94.97417449951172,95.01348183392926,93.74584841311635,94.17821409749445,1170200,CEG
2023-08-01,94.63024139404297,95.40653685611312,94.40422610330235,94.57127664591961,1469600,CEG
2023-08-02,93.89324951171875,94.36001192745806,92.79266663385455,94.32561519825568,2040300,CEG
2023-08-03,99.38631439208984,101.77810896043418,94.09960189769068,94.30595976952577,3511000,CEG
2023-08-04,102.13777160644531,102.88950656030035,100.02504927004243,100.15279248215708,2723600,CEG
2023-08-07,101.95106506347656,102.83546134417159,100.9929722165184,102.76667538329016,1759800,CEG
2023-08-08,102.99267578125,103.11059777590201,101.17475480539612,101.17475480539612,1207300,CEG
2023-08-09,103.2874755859375,104.06377850479946,102.4993797180633,102.80597390106097,1646700,CEG
2023-08-10,103.88689422607422,104.9972981589735,103.28747057724982,104.13255941011352,1563700,CEG
2023-08-11,104.99238586425781,105.14708145804613,103.4454825464803,103.88886707480611,1414100,CEG
2023-08-14,105.42591857910156,106.01709045087985,104.15784916351114,104.89386163935366,2404000,CEG
2023-08-15,104.6771011352539,105.01702704260978,104.06622676693532,104.82489598851626,1709600,CEG
2023-08-16,103.55386352539062,104.88400205800959,103.4553361372629,104.83474212252464,1835200,CEG
2023-08-17,103.27798461914062,104.58348943539109,103.03166238836447,103.92827891662549,1800600,CEG
2023-08-18,103.22872161865234,103.9873983317751,102.97255189994956,102.992254371712,1669000,CEG
2023-08-21,104.54901123046875,104.88992186915016,102.74593064535705,103.0612228091068,1377000,CEG
2023-08-22,104.69680786132812,104.977611308331,103.95784113520924,104.10563598386467,1276900,CEG
2023-08-23,106.8447494506836,107.65268618962335,105.37666331998402,105.37666331998402,1393500,CEG
2023-08-24,105.34709930419922,108.62811351657295,105.2682743791621,107.29797485449562,1498700,CEG
2023-08-25,104.31253814697266,105.85944141332186,104.01694847124928,105.24855959150048,1383800,CEG
2023-08-28,103.81989288330078,105.77076067284506,103.68195304028887,104.74113558852127,1088000,CEG
2023-08-29,103.9874038696289,104.60813324483865,103.25829210105829,103.68196667951662,1131500,CEG
2023-08-30,104.18445587158203,104.70468833889528,103.54401652358204,103.79033877149293,1167400,CEG
2023-08-31,102.62771606445312,104.52931680727842,102.24344640041465,104.39137693491969,2035500,CEG
2023-09-01,105.71166229248047,105.82989968378068,103.65240428433165,104.07607887337555,1338800,CEG
2023-09-05,104.48989868164062,105.15989548453204,103.6041218494995,104.98254316855612,1433200,CEG
2023-09-06,105.07119750976562,106.20428113836404,104.43075828341375,104.76576038586303,1337800,CEG
2023-09-07,106.94326782226562,109.3227416339644,105.60327419517449,106.27327100872006,1951100,CEG
2023-09-08,107.04179382324219,108.0467927890466,106.63782925173288,106.63782925173288,1428100,CEG
2023-09-11,108.36207580566406,108.77294109380759,107.05163977330024,107.19943461074448,1820700,CEG
2023-09-12,106.90385437011719,108.47539149655226,106.55900473041945,107.92855581176072,1557100,CEG
2023-09-13,107.66252136230469,108.47045800889832,106.91370716498449,107.17973187666121,1894600,CEG
2023-09-14,110.80559539794922,110.9632452395837,107.91377470953512,108.1453182162119,2308300,CEG
2023-09-15,108.31282043457031,111.02236519367321,108.18473557031707,110.80560041019962,4287700,CEG
2023-09-18,109.11090087890625,110.59868936176193,108.78576122455797,108.80546369684998,1358500,CEG
2023-09-19,108.91383361816406,109.74147266852736,108.67736639193991,109.45573799147597,1972100,CEG
2023-09-20,108.5098648071289,109.54442116810962,108.29310756163112,109.29809894093877,924500,CEG
2023-09-21,108.32266235351562,109.01236156571404,107.8989878325487,108.01721768769265,1443800,CEG
2023-09-22,108.73648834228516,109.11089543441875,107.01715643070872,107.84972679022341,1210500,CEG
2023-09-25,110.55927276611328,111.25882702227908,107.88421686085586,108.10590537235461,2115200,CEG
2023-09-26,106.89399719238281,110.07155258574745,106.34223778013518,110.01736890940575,2309700,CEG
2023-09-27,109.12075805664062,109.65281502507064,107.37679981330776,107.37679981330776,2819500,CEG
2023-09-28,107.7117919921875,109.3473753223973,107.23392623108153,109.1404580195783,1550700,CEG
2023-09-29,107.4753189086914,109.08133716768187,107.04178937149922,108.42119538489052,2867500,CEG
2023-10-02,103.18932342529297,106.7068049619058,101.24830283333766,106.7068049619058,2892500,CEG
2023-10-03,103.34695434570312,103.37651181059455,100.89851077509145,101.69166865736224,2557000,CEG
2023-10-04,104.5982894897461,105.03181156146033,102.69175006024908,103.10064591936191,1973900,CEG
2023-10-05,106.29296875,106.90385060247678,105.04165509658048,105.40621471264602,1589200,CEG
2023-10-06,108.54928588867188,108.9532579815593,103.5834284923616,104.98254456687755,2095800,CEG
2023-10-09,109.74148559570312,109.84691374328428,108.35223202118459,108.54928681339084,1258400,CEG
2023-10-10,111.337646484375,111.8204359439721,109.32765621215567,109.32765621215567,1464400,CEG
2023-10-11,113.377197265625,113.48361015427557,111.64308663803718,112.23426601180344,1353300,CEG
2023-10-12,114.01763916015625,114.45116870616934,112.77617297112852,113.21955751150321,1299700,CEG
2023-10-13,112.01750183105469,115.66306789688554,111.3277950637637,115.05218604879774,1699400,CEG
2023-10-16,115.11131286621094,115.39704757130004,112.92397013682137,113.08161246405358,1701700,CEG
2023-10-17,115.4266128540039,116.25425204162325,114.00779422704639,114.34279641048195,1214600,CEG
2023-10-18,114.36248779296875,116.89960382497138,114.10631056191006,115.60395397115983,1050700,CEG
2023-10-19,112.6086654663086,114.89453533614517,112.43131316963346,114.29350852614371,981000,CEG
2023-10-20,110.45088958740234,113.10131926349369,110.27353727604385,112.43132247804583,1654400,CEG
2023-10-23,110.46074676513672,111.36721081126102,108.77491878477397,110.18486705693874,950800,CEG
2023-10-24,112.5889663696289,113.60382031480661,111.59382993045617,111.59382993045617,1930900,CEG
2023-10-25,110.3819351196289,112.58898056782013,110.02723044723899,112.54957561947384,1575000,CEG
2023-10-26,111.06178283691406,111.36722003669817,109.50502433494296,110.35237351869134,1652700,CEG
2023-10-27,109.15031433105469,111.69236175782306,108.27636196480995,111.33765711608058,1128700,CEG
2023-10-30,111.3672103881836,111.56427269126085,109.86464321478674,110.21442410452498,1271600,CEG
2023-10-31,111.25883483886719,111.84015927222613,109.53457904604727,111.4558971540561,1942000,CEG
2023-11-01,113.16043853759766,113.68264049742737,111.17015809344618,111.91897231044504,2751300,CEG
2023-11-02,115.46601104736328,116.16556527915304,112.69734406792851,113.21955351042538,1894600,CEG
2023-11-03,115.3477783203125,116.92423915388947,115.1310135462285,116.90453668222648,1853200,CEG
2023-11-06,122.89510345458984,123.77594907704682,116.32321994165541,117.2395390360301,2530800,CEG
2023-11-07,118.1065902709961,123.13550145146611,116.91439153216552,122.60936051482652,2271500,CEG
2023-11-08,119.39732360839844,119.6929133209255,117.21490452265978,118.64850184924626,1730200,CEG
2023-11-09,118.85540771484375,122.52561520265074,118.74702532497474,119.8012842396618,1603200,CEG
2023-11-10,119.97863006591797,120.91958280106702,119.59042899262344,119.66333790803888,1219700,CEG
2023-11-13,119.92936706542969,120.43777499926884,119.13128545556712,119.59436492784091,891600,CEG
2023-11-14,124.65874481201172,124.84595210323337,121.5649383544575,122.22508761191791,1433300,CEG
2023-11-15,120.19540405273438,125.36817134781658,119.89982186045339,124.71788451107156,1982200,CEG
2023-11-16,120.15786743164062,122.29102628418872,119.99985985066044,121.47133982503874,1474500,CEG
2023-11-17,120.17761993408203,121.98487067971811,120.08873455027111,120.6812761489014,1487900,CEG
2023-11-20,120.76029205322266,121.3232077410242,119.97023904528798,120.928177469769,1041600,CEG
2023-11-21,120.98743438720703,121.64910574539279,120.3356333230296,121.37258682164803,984700,CEG
2023-11-22,121.71822357177734,122.30088731345606,120.45906802791296,121.37257495090228,1376700,CEG
2023-11-24,122.32066345214844,122.75519752519993,121.52073257637281,121.54048070034055,532500,CEG
2023-11-27,123.54524993896484,123.82176888055375,121.8367546779008,122.38979256107861,1073200,CEG
2023-11-28,122.9033203125,124.927845727447,122.22190082295266,123.42673975012497,2003000,CEG
2023-11-29,119.0814208984375,122.39966306815386,118.27161224598146,122.01451063189889,2078800,CEG
2023-11-30,119.53569793701172,120.34550655472114,119.01722120750699,119.09128608261827,2650000,CEG
2023-12-01,118.39012145996094,119.43695283991865,118.16298413311348,119.12093012048778,1454900,CEG
2023-12-04,117.4420394897461,118.06421456093038,116.58285682508219,117.52104704395602,1946900,CEG
2023-12-05,116.8396224975586,117.46179758164627,114.44476529568172,117.22971759545091,1805900,CEG
2023-12-06,111.230224609375,118.18273195359896,110.82532403297513,117.85683140592222,2629800,CEG
2023-12-07,109.15631103515625,112.03014862099499,108.089731671263,111.85238539367946,3497000,CEG
2023-12-08,109.82786560058594,110.22289585133603,108.28725591069342,108.62302672635704,2627300,CEG
2023-12-11,114.70648193359375,114.85461923098678,109.29458440625638,110.16365253252167,2582900,CEG
2023-12-12,113.06710052490234,114.95336640049105,112.43505513512638,114.7163512629689,1846200,CEG
2023-12-13,114.98298645019531,115.29900912886573,112.11902668654618,113.16585039690914,1731100,CEG
2023-12-14,114.1633071899414,116.34584012852638,113.9361698781594,115.19038284361235,2456400,CEG
2023-12-15,117.27416229248047,119.36781741806503,114.1731871512601,114.23243905377525,6046800,CEG
2023-12-18,117.8765869140625,120.0294940364796,117.4321825565785,118.08397611652676,2019800,CEG
2023-12-19,119.30855560302734,119.54557827751509,117.77288103865357,118.2814799506401,1012700,CEG
2023-12-20,115.55577850341797,118.63206255275324,115.54590067573052,118.34073067986027,1324300,CEG
2023-12-21,116.8396224975586,116.9581338313313,115.35826473098828,116.02981388654983,904600,CEG
2023-12-22,113.89667510986328,116.51374229135708,112.60295072835234,113.57077455718354,1188400,CEG
2023-12-26,116.10882568359375,116.37546677610311,114.1534300450816,114.1534300450816,740700,CEG
2023-12-27,115.96068572998047,116.29646407959834,115.42739602264058,115.82242627265998,541300,CEG
2023-12-28,115.65454864501953,117.3037919501238,115.49653352055223,117.23466221681332,559700,CEG
2023-12-29,115.4372787475586,115.81255335697912,114.48921062804173,115.2792711615936,849900,CEG
2024-01-02,113.81766510009766,115.77306083959039,113.54114616482262,114.95337432818518,1362800,CEG
2024-01-03,114.41020202636719,115.70984850305413,114.06455337155033,114.06455337155033,1372400,CEG
2024-01-04,113.9262924194336,115.6535561760991,113.57076594067934,114.76572700860177,1348900,CEG
2024-01-05,114.79535675048828,116.19968864831792,113.67940320422949,113.67940320422949,1729900,CEG
2024-01-08,115.57553100585938,115.70392016693889,113.60038732968418,114.74597427846189,1351700,CEG
2024-01-09,115.04224395751953,115.4767779873455,113.73864940261699,114.99286988522363,1514000,CEG
2024-01-10,114.41020202636719,114.98299553124973,113.53619879344946,114.57808743948172,1090500,CEG
2024-01-11,111.50675201416016,113.85717053265958,110.0945238303175,113.57077376423544,1609300,CEG
2024-01-12,111.50675201416016,112.99798022738713,111.33885905710048,112.52394991277724,1556900,CEG
2024-01-16,110.42040252685547,111.43266514692105,109.91674632471846,110.9734478682829,1417000,CEG
2024-01-17,110.52904510498047,110.60805266518233,108.07987101532807,109.84762561832248,1484500,CEG
2024-01-18,110.025390625,110.50929875348518,108.8798035874383,109.9858868442659,1614900,CEG
2024-01-19,113.02760314941406,113.18561827309756,110.06488739153086,110.06488739153086,1684200,CEG
2024-01-22,115.7532958984375,115.9162461582083,112.90909167639566,113.03747330474145,1876700,CEG
2024-01-23,117.21491241455078,119.06166706421033,115.70392859771088,116.26684428505467,1929400,CEG
2024-01-24,114.2324447631836,118.03459523431115,113.90654421391027,117.65932060866596,1514600,CEG
2024-01-25,119.05178833007812,119.09128457325336,115.58540906187338,116.4347214470697,1425800,CEG
2024-01-26,119.7628402709961,120.88867916197346,118.57775701201813,118.57775701201813,1558800,CEG
2024-01-29,119.5060806274414,120.22897797143487,118.51356602173838,119.58508065508015,1801500,CEG
2024-01-30,120.36526489257812,120.78992112660114,119.19992970627608,119.82210484831906,1285500,CEG
2024-01-31,120.48375701904297,122.63666379830721,119.85664682979571,121.25406180100981,1666100,CEG
2024-02-01,126.04380798339844,126.11293772000575,120.48378049747862,120.48378049747862,1937400,CEG
2024-02-02,128.0979461669922,131.4161880529504,124.8587042995949,125.43149775796775,3781700,CEG
2024-02-05,125.45125579833984,126.82398012067324,124.28592066845515,126.31044605383491,1878000,CEG
2024-02-06,129.38180541992188,129.8607784542561,125.60928812476787,126.1722038769803,2656900,CEG
2024-02-07,130.85328674316406,132.13713332504068,129.18428769363967,130.32000450686428,2087600,CEG
2024-02-08,129.0953826904297,132.304990935732,128.55221520431792,130.90264083377477,1228700,CEG
2024-02-09,130.52735900878906,130.86312979393196,128.38433007657795,128.40408573133615,1245300,CEG
2024-02-12,126.91284942626953,130.5471215673578,126.36968944488913,130.18172481532872,1206900,CEG
2024-02-13,126.32032775878906,127.20913645810813,125.15499259314376,126.32032775878906,1503700,CEG
2024-02-14,127.07086944580078,127.82636131610063,126.1030532421505,126.70547267964878,1372300,CEG
2024-02-15,129.86569213867188,129.98419593294423,127.22887723206298,128.30532688110316,1348900,CEG
2024-02-16,129.52993774414062,131.0112956367246,128.86826636041798,129.62868589548853,1295700,CEG
2024-02-20,130.16197204589844,130.4187353004302,127.78192028539274,129.37191155691164,2121200,CEG
2024-02-21,129.76693725585938,130.93325938931793,128.5226021287199,130.64587561445052,983400,CEG
2024-02-22,131.7322235107422,132.3938949174979,130.01384287063257,130.7545218427079,1529900,CEG
2024-02-23,132.3247528076172,132.4827528453329,129.71756382093332,131.8309669005244,2052200,CEG
2024-02-26,131.56431579589844,133.5197037315352,131.27791153649298,133.00616217853727,1494700,CEG
2024-02-27,153.82418823242188,154.7228822459631,133.3222017445922,133.3222017445922,4888300,CEG
2024-02-28,168.70692443847656,168.85505420894538,154.55501604883742,156.51040436478903,8227500,CEG
2024-02-29,166.3564910888672,169.17699933595924,161.33962380095065,169.05255827882706,4536900,CEG
2024-03-01,167.87733459472656,168.1933497326751,162.99872752398278,164.96398574870733,4557600,CEG
2024-03-04,173.8027801513672,174.83479095508773,167.5119370444796,170.8104385679839,3818200,CEG
2024-03-05,174.5730743408203,183.2735796390398,173.23984635997837,175.18536404533882,4323800,CEG
2024-03-06,177.74319458007812,178.56288110336436,172.83496080407582,174.5730970728859,2073600,CEG
2024-03-07,177.69667053222656,180.1407678072806,174.36201797666277,179.84391101418944,1967800,CEG
2024-03-08,168.78118896484375,177.94407115726176,166.69331655797473,177.69669298156052,3196900,CEG
2024-03-11,166.14906311035156,169.16707953868203,164.65488943174847,168.52388729398908,2601700,CEG
2024-03-12,166.60423278808594,167.28699890263255,162.47796702926524,164.82312217472068,2617000,CEG
2024-03-13,166.09959411621094,169.51340974066923,164.6944879643584,169.4441517064922,1639000,CEG
2024-03-14,162.9133758544922,166.6240486054589,161.5577482410775,166.08971837277676,3012300,CEG
2024-03-15,163.78411865234375,166.62401478979987,160.96400189443372,162.45816038336721,4532000,CEG
2024-03-18,167.06930541992188,169.28581910149524,164.44710304337917,165.93137195812355,2006800,CEG
2024-03-19,170.6018829345703,172.18509414616204,166.49539629779198,167.22764110861593,1922200,CEG
2024-03-20,173.8672637939453,174.91614472331136,170.8403391046688,171.10651521314745,1969200,CEG
2024-03-21,172.30384826660156,175.9452476914551,170.5622962818757,175.59892731177644,2212100,CEG
2024-03-22,176.37074279785156,176.49936917710684,172.38794526303576,173.16471632855604,1608400,CEG
2024-03-25,185.296142578125,187.06737876463356,177.65710333398744,178.11228581898166,3570600,CEG
2024-03-26,183.46554565429688,196.74480372082576,182.54529103044328,187.90844782819084,4228700,CEG
2024-03-27,182.9510040283203,188.12615126492454,180.4277436024755,186.1075519835081,2452100,CEG
2024-03-28,182.9114227294922,184.87065358458707,181.4123116413393,183.08952776233485,2050800,CEG
2024-04-01,184.0295867919922,186.82990983508202,181.47664194954174,184.07906545187348,1977500,CEG
2024-04-02,186.1570281982422,186.39450158190408,182.1890726268825,182.74814971552902,1875500,CEG
2024-04-03,188.26467895507812,191.18375346945453,184.91023154008494,186.50334757486138,2555800,CEG
2024-04-04,181.18966674804688,193.44972820256032,181.04124588611876,191.41133450533323,3747800,CEG
2024-04-05,191.0550994873047,192.80654106157957,179.5173786536583,180.4079490756055,4331400,CEG
2024-04-08,189.9666290283203,195.5672740950325,186.13722001108326,192.82138260726808,1663500,CEG
2024-04-09,186.12733459472656,192.79664015991793,183.10931800722548,190.5801414979615,1958600,CEG
2024-04-10,189.07608032226562,191.79724012917183,180.58605991286646,181.57557256992328,3861900,CEG
2024-04-11,190.85720825195312,192.2425199477669,188.00740693626182,189.56094907256343,2267300,CEG
2024-04-12,189.65989685058594,191.2233287239323,188.3537479417081,189.94686398806766,1801900,CEG
2024-04-15,183.4556427001953,193.94448302579,182.8421496773308,192.05451020525342,2531500,CEG
2024-04-16,184.6925506591797,186.30050889456874,181.18968213138942,183.0895448191971,2982700,CEG
2024-04-17,183.4556427001953,187.0574682095808,180.71470347956415,185.94921885246683,3282900,CEG
2024-04-18,181.93179321289062,186.293569607705,181.16986425822208,184.17799111628872,1654200,CEG
2024-04-19,179.00282287597656,184.00976930306402,175.78690693360332,181.37766216960287,3442500,CEG
2024-04-22,181.2985076904297,181.92190548723465,176.3410547836781,179.69550204009084,2327500,CEG
2024-04-23,186.27574157714844,187.7600104343369,182.0406289792052,182.0406289792052,2387300,CEG
2024-04-24,184.2076873779297,192.33157816855027,181.72104148611874,184.77170176410874,2266400,CEG
2024-04-25,186.0382537841797,188.53084828111523,183.46057775404185,183.6535399535672,2908900,CEG
2024-04-26,186.39451599121094,187.39393355393344,183.68326065970632,184.9547730963988,1826600,CEG
2024-04-29,186.63197326660156,188.42298866809108,184.18787592129124,186.45385314612128,2205500,CEG
2024-04-30,183.99000549316406,187.41371119644182,183.76242178542128,186.63200275744714,2173200,CEG
2024-05-01,182.62445068359375,186.23122848920244,181.99116319703927,184.29672946338601,2717000,CEG
2024-05-02,184.22747802734375,185.21699078529173,181.67454839875248,183.05986022037305,3071000,CEG
2024-05-03,192.81643676757812,195.201165892433,186.028379342923,187.34443298736036,3480200,CEG
2024-05-06,195.6266326904297,196.82394954738754,192.0841758667295,195.67611133883952,2708000,CEG
2024-05-07,198.4566650390625,202.92926667844398,195.28033772188363,196.61617080993216,2797300,CEG
2024-05-08,205.8186492919922,206.0858219586315,196.0323689272034,196.45785215669738,3992100,CEG
2024-05-09,213.6457061767578,213.68528004417132,200.8710926694916,203.27560145748686,4313500,CEG
2024-05-10,212.67593383789062,218.2073206940837,209.6381380362824,218.2073206940837,2744700,CEG
2024-05-13,211.35000610351562,216.38168463920925,210.36049344034217,214.7242479086407,1919300,CEG
2024-05-14,215.4564666748047,215.6246819953618,208.5595630381465,212.3197137235056,1951000,CEG
2024-05-15,220.9680633544922,222.3632797888003,217.45529049243692,217.83131012406264,2682200,CEG
2024-05-16,214.0711669921875,222.44245080773638,213.97222478463695,221.3836650054664,3539800,CEG
2024-05-17,210.87506103515625,215.4288036258811,207.70862328075597,214.09097744640593,3057300,CEG
2024-05-20,212.81446838378906,212.9826837030724,208.93556595541378,211.70620407621195,2326200,CEG
2024-05-21,220.255615234375,220.33477805754194,213.23997423027055,213.6654574186826,1881100,CEG
2024-05-22,217.8016357421875,222.05159087422157,215.5752322209434,219.77077140319884,1573700,CEG
2024-05-23,218.84063720703125,225.65837925721846,218.4250436756701,221.43315570689805,2658300,CEG
2024-05-24,228.21131896972656,233.8218541702458,219.31559435582594,220.96807875396695,2672000,CEG
2024-05-28,228.8446044921875,232.31778860533478,219.49371257312518,230.2991893572378,2602200,CEG
2024-05-29,218.75892639160156,226.82587158954814,216.92552356949497,224.74471244671614,3809400,CEG
2024-05-30,222.94105529785156,223.26808033545564,218.02556321893968,220.33465395310722,2037800,CEG
2024-05-31,215.3002471923828,222.46535590280413,206.13326313470944,222.04912708994212,5618300,CEG
2024-06-03,206.3909454345703,215.25071497618833,202.21873694708515,213.56597481178738,4922600,CEG
2024-06-04,201.31689453125,206.628791158225,195.07343163015722,205.1323482824309,4666700,CEG
2024-06-05,207.4513397216797,210.93975321119663,202.61513114224803,202.65478062474818,4502200,CEG
2024-06-06,200.78173828125,207.92702245564382,194.44908701561178,207.61980702226623,4842100,CEG
2024-06-07,196.22299194335938,202.16914321437025,195.747304075795,200.26637662226813,4558700,CEG
2024-06-10,212.7037811279297,212.84252407559018,196.35384339835667,197.739291912984,5719100,CEG
2024-06-11,216.3507537841797,217.58953554064797,208.5612934946331,209.26492818592007,3701900,CEG
2024-06-12,216.17236328125,219.77969493113164,210.2460208321363,219.28418225877513,3137900,CEG
2024-06-13,217.9561767578125,218.3823254802045,212.19832245410177,218.33277119315727,2238200,CEG
2024-06-14,212.97132873535156,216.90570034571735,209.06670179577878,216.83633643878923,2373800,CEG
2024-06-17,210.11720275878906,212.79296822803636,206.8369112101841,211.9505906164923,3321100,CEG
2024-06-18,218.431884765625,219.2147880802437,207.2382560850991,210.88026187780997,2714700,CEG
2024-06-20,220.31483459472656,225.72583944948886,217.3219339196805,221.81129249317266,3075100,CEG
2024-06-21,216.17236328125,222.56447373027987,213.80381331225965,220.99865187101165,5511600,CEG
2024-06-24,214.16058349609375,218.86795389347893,213.41829740601727,216.04352560630912,2474100,CEG
2024-06-25,220.37428283691406,220.46348660316337,212.25778351556306,214.55696938360998,2221900,CEG
2024-06-26,208.4225311279297,220.2058214929521,205.58819812827844,218.59046051584698,4237000,CEG
2024-06-27,202.94216918945312,206.0539881717142,199.45375573663702,205.72694799283954,4733600,CEG
2024-06-28,198.47264099121094,205.43954763786897,197.65008817789573,203.40794274925628,10579100,CEG
2024-07-01,203.20974731445312,211.67309699459983,201.31688530143012,206.3215662515001,4168400,CEG
2024-07-02,204.29986572265625,209.899167910042,201.27725056375334,201.63402028741305,1905300,CEG
2024-07-03,208.18467712402344,210.5234821475991,200.1970010755689,203.46738735578725,1612700,CEG
2024-07-05,209.3937225341797,210.8505308900585,206.2026350785617,208.11530659016643,1601600,CEG
2024-07-08,213.7938995361328,214.48761427303523,209.3541100981102,209.92890662921425,1634400,CEG
2024-07-09,214.02183532714844,220.37429615255485,213.12990346368045,215.09212936835584,1773200,CEG
2024-07-10,217.57962036132812,217.98594438732908,211.82176545115962,216.22190533808674,2584300,CEG
2024-07-11,214.89393615722656,218.5637059810662,213.2587503564557,217.5895263552569,2438200,CEG
2024-07-12,215.1912384033203,219.15533970217257,210.40162038844312,214.31913127858198,1760700,CEG
2024-07-15,210.96946716308594,217.67869744378112,209.73860940604715,215.0524864915853,2164300,CEG
2024-07-16,203.04129028320312,213.08036737612701,202.22864219074393,212.21818011078176,4049600,CEG
2024-07-17,184.9947052001953,201.2376105147131,184.1027884101634,200.31596417313665,6748700,CEG
2024-07-18,185.59922790527344,191.10932647829992,176.4718928229452,188.66149263338502,5484900,CEG
2024-07-19,187.6011199951172,188.23537567582844,184.7271371279503,186.33260863369463,2827000,CEG
2024-07-22,188.71104431152344,195.05361559032062,186.91729085722244,190.5147176972527,1868800,CEG
2024-07-23,188.16598510742188,190.4374226704678,186.61008311553482,187.96778305468973,1856600,CEG
2024-07-24,173.5087127685547,186.60014862121105,173.13211831246034,186.60014862121105,4910100,CEG
2024-07-25,168.9004364013672,175.2529122705895,164.38136340521433,175.11416933200044,5542000,CEG
2024-07-26,173.4690704345703,175.48086580513032,169.90138825129435,174.95560845806367,3469300,CEG
2024-07-29,171.1302490234375,175.560133517759,169.59219087687828,174.4700147132314,2100100,CEG
2024-07-30,167.1760711669922,173.45916834905444,164.26245417569254,171.91317119983756,3517100,CEG
2024-07-31,188.0966033935547,194.73646982373526,181.35762838546339,191.54536717463682,7483700,CEG
2024-08-01,175.9763641357422,192.52648309059356,175.03487803345982,186.60213718253743,4482100,CEG
2024-08-02,165.58050537109375,173.756463919938,159.98914244260965,172.90418157542706,6099200,CEG
2024-08-05,168.444580078125,171.2095341531279,154.20355062672013,154.83780624633152,5430800,CEG
2024-08-06,179.41522216796875,182.18019135434372,166.87875757710844,172.0816406488788,6322100,CEG
2024-08-07,178.04762268066406,188.3840100938145,175.31238296493322,188.3840100938145,6154900,CEG
2024-08-08,185.35147094726562,185.9460922090408,174.8366913251971,181.6053963148837,3338800,CEG
2024-08-09,188.16598510742188,188.39393183381878,181.427024583445,185.40103093546722,3204000,CEG
2024-08-12,185.9945831298828,189.46963269264148,182.39045544964583,188.6455476926142,2232300,CEG
2024-08-13,188.0597381591797,189.48947511521996,185.7364231806204,187.99022990297752,2349000,CEG
2024-08-14,184.82296752929688,188.53631126546074,180.91106773345996,187.61294832291892,2327900,CEG
2024-08-15,189.03274536132812,191.20713569261747,184.16768258767618,185.07118385706042,4241900,CEG
2024-08-16,188.62567138671875,189.99583852742538,184.50526185635007,189.85683716170243,2572300,CEG
2024-08-19,191.40570068359375,191.5049938594276,184.2371697087222,188.25830092980846,2025100,CEG
2024-08-20,189.3603973388672,192.12057807544363,188.28710986918156,191.6241424731815,2507000,CEG
2024-08-21,195.3374786376953,195.92326898958706,189.61853102597135,190.11496660893283,2404200,CEG
2024-08-22,193.5602569580078,197.3907561312584,193.32197754195133,194.17584746618573,1520300,CEG
2024-08-23,193.5999755859375,195.9232907360706,191.14758232190363,193.6198221034504,2683300,CEG
2024-08-26,193.5006866455078,196.57859372906339,191.70359202027592,194.10633874323918,1953400,CEG
2024-08-27,194.74176025390625,196.88636572256652,192.1900890995381,193.50067123037772,1703200,CEG
2024-08-28,192.38865661621094,196.04241535925945,191.0383511785599,195.78427430133064,2493200,CEG
2024-08-29,193.0538787841797,197.6905854757546,190.93905827763237,194.51340066193598,2463800,CEG
2024-08-30,195.29776000976562,196.39984763647857,193.75880663552508,193.86802307240697,2239400,CEG
2024-09-03,176.51266479492188,194.4042105007843,175.91693593367782,194.10634607016226,4252300,CEG
2024-09-04,176.2545166015625,181.4472292345051,174.74534799054936,176.41336449481625,3310400,CEG
2024-09-05,174.81484985351562,178.46860881482536,173.86168677881872,176.70129918571158,2444900,CEG
2024-09-06,171.87594604492188,175.38078041376187,170.7142884777722,174.5566954421914,3390300,CEG
2024-09-09,173.67303466796875,175.092848412514,169.82068942683887,175.092848412514,2184400,CEG
2024-09-10,178.96502685546875,179.91322063267665,172.62058073965815,175.58927096646593,2301800,CEG
2024-09-11,185.91513061523438,186.8087086276125,177.86791384983334,180.23590618764388,2846900,CEG
2024-09-12,188.5760040283203,190.31352848351733,182.8769335112811,185.66689892676712,2154600,CEG
2024-09-13,194.58290100097656,196.39985718470243,187.83137355188907,190.0851955043813,2613600,CEG
2024-09-16,197.82960510253906,198.10760785253905,191.3163718453736,193.60990210788015,2264000,CEG
2024-09-17,199.7954864501953,203.24075105583518,196.83673423310876,198.5742589993531,2881700,CEG
2024-09-18,198.9019012451172,203.49194616885157,197.00551350335957,200.5202862461998,1796000,CEG
2024-09-19,207.01365661621094,207.15265798587598,201.0266441620453,203.64782366859538,3432600,CEG
2024-09-20,253.1623077392578,253.4204639609353,231.33900184968985,233.48360739125232,15031400,CEG
2024-09-23,255.2870330810547,269.9120364777651,250.31275392077544,257.7096411854661,10270000,CEG
2024-09-24,251.68295288085938,257.59053412317417,249.29806800398705,252.26874331555646,4562700,CEG
2024-09-25,260.98614501953125,265.1860016817597,251.43474275854797,252.62618533257864,6246200,CEG
2024-09-26,254.9395294189453,268.1943661186856,252.68572268259473,261.9491977302641,4072200,CEG
2024-09-27,255.16790771484375,260.5294063305591,253.51973782667477,255.34661726536163,2598100,CEG
2024-09-30,258.1663818359375,259.25854631459663,249.4837272556447,255.91257491636185,2899300,CEG
2024-10-01,263.7165222167969,264.1037565542537,252.14959318675122,257.2529508840923,3179800,CEG
2024-10-02,263.4881896972656,267.79724749108294,259.7847688507233,263.0215389755835,3233600,CEG
2024-10-03,275.3927001953125,277.51745926394113,266.08950121357356,270.2099109372859,4274200,CEG
2024-10-04,283.48455810546875,283.96114716256096,273.63529332574507,275.9288232442101,3829200,CEG
2024-10-07,276.5741882324219,286.69451719105575,272.04669816147367,282.96828093437955,3477000,CEG
2024-10-08,277.3983154296875,279.39396605506306,271.1531467303149,276.9018798004852,2599100,CEG
2024-10-09,260.4102478027344,274.08207282934893,255.66432484861346,274.08207282934893,5235800,CEG
2024-10-10,260.4400634765625,265.85122408179336,257.1834468846146,259.1989743744478,2733500,CEG
2024-10-11,264.3221740722656,264.99731922135874,247.27457725751697,254.5622634345657,4477700,CEG
2024-10-14,269.80279541015625,270.87511321542024,263.31934804136944,265.6625397010044,2229300,CEG
2024-10-15,264.252685546875,267.8766596648336,260.46984838785175,267.8766596648336,3000900,CEG
2024-10-16,277.80535888671875,278.24222465326176,262.2371452245379,266.3079233400383,2469300,CEG
2024-10-17,269.2667236328125,282.96833621367347,268.61142490241946,282.96833621367347,3209900,CEG
2024-10-18,268.234130859375,270.63686258798487,263.1109109942014,265.8710921692337,1708800,CEG
2024-10-21,271.7687072753906,272.1658496971384,266.09942118237734,271.1332551605745,1650900,CEG
2024-10-22,264.1037292480469,269.49004318507014,263.95480463366357,268.4425713805468,2134100,CEG
2024-10-23,264.15338134765625,266.01601482396524,260.73790185720515,263.11087866540737,2633700,CEG
2024-10-24,262.61444091796875,265.8909038642319,260.69820671182106,265.88099575592713,1553700,CEG
2024-10-25,262.52508544921875,267.81707577086837,261.2144881541672,267.0823607569873,2016200,CEG
2024-10-28,265.0767822265625,269.25676178379825,263.1208246152149,264.98742744838233,1542500,CEG
2024-10-29,263.11090087890625,265.3250148395955,259.8344376294821,264.3817749617165,1829700,CEG
2024-10-30,259.9138488769531,266.0895096028716,259.5663378603767,264.9774985898491,1831000,CEG
2024-10-31,261.0854187011719,262.30666126204784,257.5011679875845,259.87411454892924,2290900,CEG
2024-11-01,256.2601013183594,262.8825362502781,254.98922720323657,260.8571005136952,2804500,CEG
2024-11-04,224.33926391601562,233.81920307023634,223.07831314149826,230.84257386567498,10719400,CEG
2024-11-05,232.08364868164062,235.1714787952343,225.38176791757186,228.7078925790036,6347400,CEG
2024-11-06,233.3148193359375,240.2748413099611,232.09357679647678,237.11751802260497,4790100,CEG
2024-11-07,239.8677520751953,246.57957115324592,236.69752108771706,240.7911301788378,4154900,CEG
2024-11-08,237.66358947753906,246.23207332888302,235.14170313445064,241.51593482762416,5162100,CEG
2024-11-11,235.5785675048828,242.17123204856628,232.61980024957546,240.2649210522014,3382100,CEG
2024-11-12,227.06964111328125,234.29774225966727,224.0811042460295,233.76159847601207,4460000,CEG
2024-11-13,224.34921264648438,231.11066398742747,224.00170162058575,229.35327748933636,2979500,CEG
2024-11-14,223.77333068847656,229.88940617055007,223.51517446341262,226.573219779456,2513200,CEG
2024-11-15,223.03048706054688,226.48115616419565,220.4250884950796,223.59731875236298,2717400,CEG
2024-11-18,228.99705505371094,230.7472442195638,219.9477472122901,224.73096232341635,3293200,CEG
2024-11-19,233.27310180664062,233.58137229637202,224.84035011753983,225.04419466169475,2197500,CEG
2024-11-20,234.10841369628906,240.13464947268926,230.84668862144684,236.8132611008575,2567600,CEG
2024-11-21,250.4369354248047,250.78499156052203,232.8057177482354,235.98788674736164,3586400,CEG
2024-11-22,248.497802734375,251.81919115781687,243.66487834400377,249.81045598365594,2471600,CEG
2024-11-25,247.54315185546875,254.1859440749535,241.64619640360146,252.08769871733733,3459600,CEG
2024-11-26,265.2440185546875,265.6417840258789,247.81166682348191,248.15972299110945,3881600,CEG
2024-11-27,251.9783172607422,264.51806524648345,249.4524747427463,263.52363642976735,2298200,CEG
2024-11-29,255.13063049316406,259.3360734430659,253.7782068242683,256.5427326313545,1185700,CEG
2024-12-02,248.1895294189453,257.00016875704114,248.11991212298307,255.5681889282379,1908400,CEG
2024-12-03,246.13104248046875,252.76388009955724,245.20623107135646,250.0699731109839,1784600,CEG
2024-12-04,252.78378295898438,256.2245130797362,249.60161402214302,251.27224702381784,2701200,CEG
2024-12-05,254.6632537841797,258.31282063295777,251.68992154646043,252.306462513039,2118200,CEG
2024-12-06,252.21697998046875,257.1294606526326,249.02485687396688,255.02127646410398,1329700,CEG
2024-12-09,238.5137481689453,252.58490929020707,235.0133546261867,252.37607257063038,3262400,CEG
2024-12-10,231.0455780029297,238.16569167552066,229.42466941742046,236.55472191520366,2771500,CEG
2024-12-11,235.28184509277344,238.11397012217762,230.82679342875105,233.46203868437746,2386700,CEG
2024-12-12,237.68836975097656,246.74761648681283,237.58892080408975,241.60642154736598,2822000,CEG
2024-12-13,237.73809814453125,242.06385427741546,235.18240887043223,240.6418283909152,2004800,CEG
2024-12-16,237.96681213378906,242.34229273387936,235.92624231744915,238.7126337251985,1974400,CEG
2024-12-17,232.93499755859375,236.7536003446907,227.58496598903025,236.3359420875031,2506500,CEG
2024-12-18,224.50222778320312,235.66967350345968,223.5177530378599,233.01455057782928,3173700,CEG
2024-12-19,223.91552734375,232.48749860129467,223.72658344709393,227.58497198240593,3626800,CEG
2024-12-20,225.75521850585938,230.40913776074058,218.41632949370836,220.58419205362077,4985400,CEG
2024-12-23,227.00819396972656,228.08217884121217,220.4648509700214,225.73532638287955,1935200,CEG
2024-12-24,228.50978088378906,228.8280053743019,225.89046800104916,227.96781902380204,978400,CEG
2024-12-26,227.36619567871094,228.947333797388,226.0525561099097,227.29659355446793,920500,CEG
2024-12-27,225.27789306640625,226.90875568704539,221.49907577564727,226.90875568704539,1466000,CEG
2024-12-30,225.0591278076172,227.72418964317143,221.0117954069644,222.27472420080517,1587100,CEG
2024-12-31,222.46365356445312,225.76514899386925,221.6382759136546,225.08894475395408,1885700,CEG
2025-01-02,241.24842834472656,242.36218372385858,223.8837073866217,225.11879230269568,4552500,CEG
2025-01-03,250.9938201904297,252.76291592471432,242.9886805806712,249.1044115614711,4576600,CEG
2025-01-06,262.8076477050781,266.32793423014255,250.10878740717138,256.4433093176448,4116000,CEG
2025-01-07,254.20582580566406,264.000955046783,248.16963601954401,262.03197519985713,3112400,CEG
2025-01-08,242.4815216064453,254.5638409623743,226.7794970998854,254.08650420015024,8414200,CEG
2025-01-10,303.48974609375,308.272946480694,278.5693612995994,280.9161988414621,14707200,CEG
2025-01-13,277.68426513671875,298.7860437187388,277.3063773687684,295.8375662154658,6920600,CEG
2025-01-14,287.2606201171875,292.7598097368767,279.83223634868705,282.31333115488826,4852400,CEG
2025-01-15,299.0943298339844,303.4081744571487,291.3875068766314,295.4348392486164,4140700,CEG
2025-01-16,313.4837341308594,318.7243934785853,300.78488891823383,300.78488891823383,5269100,CEG
2025-01-17,314.59747314453125,318.3763207034995,309.30713511806823,318.3763207034995,2820000,CEG
2025-01-21,321.8369445800781,328.4995991903815,316.55649984420086,324.1837819315276,4032300,CEG
2025-01-22,330.61773681640625,334.57357133652204,317.222779971723,327.1670677451313,4576600,CEG
2025-01-23,344.2911376953125,350.0389349010929,331.14478784677254,331.2740684453851,4853500,CEG
2025-01-24,345.50433349609375,348.0500687137382,340.04492927234526,345.81260398629274,3226600,CEG
2025-01-27,273.4678955078125,300.9837512923777,268.933303013742,290.8306123034656,16083200,CEG
2025-01-28,277.2467346191406,282.7857102649756,257.6465516580516,279.9814137926878,9989300,CEG
2025-01-29,290.2637939453125,292.5509677070429,274.521971381593,277.47542569342284,6638500,CEG
2025-01-30,306.8310241699219,308.9591165772996,297.12541876712805,299.3230981331807,6023100,CEG
2025-01-31,298.3087463378906,310.2617689472107,296.28508019680055,310.2617689472107,4719900,CEG
2025-02-03,304.603515625,306.9304756222321,282.4376868234255,283.8100035686664,3723500,CEG
2025-02-04,304.62335205078125,305.37912762791825,291.86484427247706,296.5654988759566,2996300,CEG
2025-02-05,312.08154296875,316.5962577264625,301.1627353561282,308.7999404251047,3578600,CEG
2025-02-06,310.0628967285156,314.8162653170085,304.1659410562387,313.56828262862246,2480100,CEG
2025-02-07,308.0641174316406,317.8293855316228,307.58180366571594,312.72799109770995,2298000,CEG
2025-02-10,320.0370178222656,320.206084076723,310.8336044690912,310.8882907714664,2729800,CEG
2025-02-11,311.8329772949219,317.38190712779414,307.716057744056,315.5422077337765,2642900,CEG
2025-02-12,312.0517578125,315.66153935684133,302.09754576173185,303.7283932783892,1766400,CEG
2025-02-13,309.7546081542969,315.96781538152953,303.39027008968117,314.5974714132501,2707200,CEG
2025-02-14,315.5322570800781,316.41731330970225,304.51399894561814,309.45133446770814,2193000,CEG
2025-02-18,323.7860107421875,327.73389413837026,314.0555216713586,322.0358064111168,3253000,CEG
2025-02-19,319.8729553222656,328.0501355086091,316.3576457970269,322.00599421897607,3079100,CEG
2025-02-20,307.6961669921875,320.2060677132776,302.48533953964443,315.72118419650974,3860000,CEG
2025-02-21,282.85528564453125,308.73030801043717,276.22243324275524,308.27287933196936,6478000,CEG
2025-02-24,266.2284851074219,288.3943120194499,261.18672370276107,288.3943120194499,7221400,CEG
2025-02-25,262.8374938964844,266.55664818304336,247.17523909300527,263.3048766823001,5094600,CEG
2025-02-26,268.635009765625,278.39035383556296,266.5566268742198,271.2304543587468,4724900,CEG
2025-02-27,248.3486328125,279.0367035724869,247.40391339397715,274.8501671785426,5131000,CEG
2025-02-28,249.14915466308594,250.13762013920942,240.26393602008892,245.0471359818261,6029600,CEG
2025-03-03,230.995849609375,248.33073852343912,227.96285403531598,247.99064862228954,5315000,CEG
2025-03-04,230.3594207763672,238.2949733644715,220.01736753572493,226.23254740961548,5525500,CEG
2025-03-05,228.04241943359375,232.23889500482514,222.17528041616526,229.36499638312628,3840200,CEG
2025-03-06,206.5329132080078,221.53883967209927,203.56951972868183,218.9632728052563,7710800,CEG
2025-03-07,211.75148010253906,215.3381303560344,202.3465148197129,207.32796505946772,4986200,CEG
2025-03-10,201.45980834960938,207.46743585611802,194.83447070328674,202.85460827400414,7689500,CEG
2025-03-11,207.80616760253906,210.85481253466227,199.1832789692024,203.23320020435426,5051000,CEG
2025-03-12,214.55105590820312,223.49773578184352,209.22089836888617,218.6059482714576,7320400,CEG
2025-03-13,209.0913848876953,215.965795254019,202.96420725018328,215.965795254019,3654300,CEG
2025-03-14,215.6569366455078,216.69307154000484,208.2544941585715,213.0366891226487,3829900,CEG
2025-03-17,217.72921752929688,221.2411490234853,213.56473248062915,216.1052751099575,3547600,CEG
2025-03-18,210.0677490234375,217.3257099968701,208.473678969561,217.11151129902046,2716500,CEG
2025-03-19,217.2410430908203,219.55242804474182,210.33674530928639,210.33674530928639,3091900,CEG
2025-03-20,218.62588500976562,221.60478244819112,213.2060648540249,216.25470989108422,2250500,CEG
2025-03-21,221.65460205078125,221.99335221529932,211.76144933060158,214.9744755623204,3733500,CEG
2025-03-24,227.77182006835938,230.2924326089895,225.75932516857472,227.3932401973094,2773600,CEG
2025-03-25,226.0283203125,230.01547202509758,221.17639260077513,228.4592704833438,2849900,CEG
2025-03-26,216.16505432128906,225.2611873827405,213.20607164352003,223.16897218760977,4059000,CEG
2025-03-27,208.4238739013672,216.74290183914178,206.75011392660542,211.1736441487324,4178300,CEG
2025-03-28,204.6280059814453,214.61580732089624,203.13357095596064,209.12126848528473,5572000,CEG
2025-03-31,200.8819580078125,202.80479041500809,194.82451297018923,198.2417803806813,4518500,CEG
2025-04-01,206.17225646972656,206.98920637028908,197.35508382738402,200.20447385533637,2863100,CEG
2025-04-02,213.66436767578125,214.54109256943042,201.51958971219423,202.0775096996563,3179100,CEG
2025-04-03,189.53421020507812,203.28997749019328,189.07591012788964,199.72625238671122,5557500,CEG
2025-04-04,170.3257598876953,182.31112841286853,164.46756931400975,179.40196318436747,9358600,CEG
2025-04-07,179.1229705810547,189.08587047927003,160.75139593857583,160.93072083969787,7458400,CEG
2025-04-08,184.25387573242188,192.58286077215504,181.31482326169072,188.2390357475635,6895700,CEG
2025-04-09,214.65069580078125,217.09160346891323,181.93253305364158,185.439478409909,7984300,CEG
2025-04-10,203.73133850097656,210.69042444918753,198.8096636877817,208.22460072811486,4048600,CEG
2025-04-11,207.47740173339844,207.7563617296387,197.26542877893345,203.73135663947204,2960700,CEG
2025-04-14,205.93313598632812,216.40415341369678,203.11363351646563,214.17245838397025,3427300,CEG
2025-04-15,207.64675903320312,211.2134790412748,205.5844466476973,205.83351914656672,1986000,CEG
2025-04-16,203.43246459960938,206.63054709749082,200.69266700442859,204.2892746374622,2433300,CEG
2025-04-17,205.91322326660156,208.04529859906378,202.84864621651602,207.57704105249982,1962800,CEG
2025-04-21,191.89540100097656,204.10990987748303,187.30847834379225,202.73504013323293,3290900,CEG
2025-04-22,200.13475036621094,201.66903035622602,195.1234126244372,196.81710267118055,2457800,CEG
2025-04-23,209.02163696289062,216.53365658363333,207.49731453797168,212.4588342896259,2976100,CEG
2025-04-24,217.26097106933594,219.373101038395,208.79250593399195,208.79250593399195,2336500,CEG
2025-04-25,222.16270446777344,223.1141632073235,215.69677713088106,217.30080458044955,2710400,CEG
2025-04-28,223.98593139648438,224.65344389099621,218.87495868804479,221.51512118142583,2396300,CEG
2025-04-29,225.60987854003906,226.51650613308962,219.68195578933424,223.47781844341344,2038900,CEG
2025-04-30,222.61105346679688,223.0444372106027,215.94587053220832,218.73548574099578,2185200,CEG
2025-05-01,239.7223358154297,243.07484210375176,229.4555589466782,231.3385465327917,4557800,CEG
2025-05-02,246.34266662597656,249.71013178224482,240.66681134132378,243.3737266018527,3316000,CEG
2025-05-05,247.34893798828125,249.07251553920216,240.56420509734215,242.3674876774972,3117800,CEG
2025-05-06,272.80413818359375,278.85162584906186,255.1697928223329,257.8697302396602,7195600,CEG
2025-05-07,267.125244140625,277.4866530592145,263.6780895867162,276.33095312229057,5165600,CEG
2025-05-08,269.58612060546875,272.9635584643568,264.08661048269846,270.7418207103821,2862300,CEG
2025-05-09,270.3631896972656,273.9299246237372,265.0728926745379,271.0606048003549,3245900,CEG
2025-05-12,284.22161865234375,290.9067162430133,282.3984212746553,285.29759850724275,4744900,CEG
2025-05-13,290.4384460449219,295.0712188076429,278.1542038839645,279.4294538510635,3651100,CEG
2025-05-14,287.0809631347656,290.9166857920045,281.8803280150493,290.43845563691434,3129300,CEG
2025-05-15,283.3448791503906,287.6488593876585,282.2290391787343,283.5540915439865,2187300,CEG
2025-05-16,290.4361877441406,290.486088567431,283.5324590776457,285.9168294107668,2104900,CEG
2025-05-19,293.3293762207031,293.67856020769017,281.3376205193718,282.68445564295234,1972700,CEG
2025-05-20,291.7131652832031,292.34169032542377,288.98959736143934,291.87279310709204,1481300,CEG
2025-05-21,286.4355773925781,291.52062012213554,284.5400464931025,287.5928562602112,2040900,CEG
2025-05-22,290.7853698730469,294.5066194690513,282.05592267184915,284.5201221281945,2390800,CEG
2025-05-23,296.79119873046875,301.88921138675715,292.421482295334,297.94348446609865,5373300,CEG
2025-05-27,308.33404541015625,309.53123890416504,295.56911668173245,303.14624753064527,3611500,CEG
2025-05-28,307.326416015625,312.34959306941397,305.9396967876317,308.7231519434231,2512000,CEG
2025-05-29,302.65740966796875,313.76127129450384,299.3951015279091,313.14273248316795,2710600,CEG
2025-05-30,305.4308776855469,305.7800616591655,298.55707744944624,300.73194953694025,3656100,CEG
2025-06-02,312.69378662109375,313.1626838704078,303.8546122161946,306.16917014667655,2097100,CEG
2025-06-03,312.29473876953125,341.19669384940596,308.77303142219637,341.19669384940596,10696100,CEG
2025-06-04,298.83642578125,309.68088861230717,298.23782901852525,303.2859412630878,4966800,CEG
2025-06-05,289.1990966796875,301.2906227615565,288.6802986385667,298.53210294244207,4673800,CEG
2025-06-06,298.09814453125,299.06586734215256,285.328222285636,292.8904044311379,3735300,CEG
2025-06-09,298.9561462402344,308.0946343964932,296.3123767909541,299.98871883046115,2997400,CEG
2025-06-10,290.3363952636719,299.79413810174617,287.03417275053545,299.2953125807782,3374300,CEG
2025-06-11,291.503662109375,297.7689094720891,289.11926149096473,296.13274713957253,2751400,CEG
2025-06-12,299.6744384765625,300.6122329343025,288.4009629224586,289.4285423245488,2084000,CEG
2025-06-13,296.1926574707031,299.24546748119474,293.3992160498134,296.66152427195544,1525900,CEG
2025-06-16,307.2865295410156,309.23193094688725,299.29533437063304,299.29533437063304,2592700,CEG
2025-06-17,304.9819641113281,312.8035453552837,301.9890107066866,307.09697964593136,2158100,CEG
2025-06-18,305.7102355957031,308.8119417997007,302.5377122352555,304.28360175351344,1451500,CEG
2025-06-20,304.20379638671875,307.47609087991833,301.97902340314454,306.8076512256771,4194800,CEG
2025-06-23,314.4696044921875,315.0482591978962,303.9743255541053,305.28124610010394,2314500,CEG
2025-06-24,319.90679931640625,323.5482196732124,316.105751133118,317.19318715800074,2385000,CEG
2025-06-25,314.3997802734375,322.8798145696391,314.11544605823394,321.2536384156125,2263900,CEG
2025-06-26,321.7524719238281,322.8449011162643,313.9907474408507,316.25540451899735,2192400,CEG
2025-06-27,319.41796875,327.66853245536123,317.05351004870715,327.13478545889757,3689700,CEG
2025-06-30,322.0018615722656,323.9771911593393,317.472517295444,323.2389391274749,1968000,CEG
2025-07-01,307.1967468261719,319.9716621340271,301.5400515692736,319.9716621340271,3553000,CEG
2025-07-02,305.9097595214844,309.59109449036873,302.2982674361257,306.15917229473723,2106500,CEG
2025-07-03,311.1474304199219,313.20258925342455,305.7281828164711,307.47608167326626,1465800,CEG
2025-07-07,317.5024719238281,319.6574020167873,308.3639839252388,309.27185010647827,2002100,CEG
2025-07-08,312.10516357421875,319.9317375989255,307.0271231758494,319.9317375989255,1793000,CEG
2025-07-09,316.3651123046875,319.0039188377719,309.52124066264656,312.4842655219587,1685700,CEG
2025-07-10,312.8833312988281,316.61453664853514,306.5133193195287,315.51714480160615,1745800,CEG
2025-07-11,320.7847595214844,322.2413216766578,309.0174508027629,310.07995171393196,2015600,CEG
2025-07-14,325.2242736816406,325.7829558642629,313.147726551929,321.32345421111694,2000100,CEG
2025-07-15,317.2430419921875,327.21955231436345,313.46196650112597,326.81051173764706,2742400,CEG
2025-07-16,307.47607421875,321.24364690787235,300.6621003107236,317.88156764853375,2952800,CEG
2025-07-17,307.3563537597656,314.0805432328768,304.29358785953804,311.08758977446377,1984900,CEG
2025-07-18,320.6650390625,326.2419052163307,310.18970221508476,311.04766757141425,3532900,CEG
2025-07-21,317.1333312988281,324.8751134495845,315.90620950558355,323.65797790986136,1937600,CEG
2025-07-22,317.0435485839844,317.993308281526,310.66355037468014,317.2530467881448,1780100,CEG
2025-07-23,322.9396667480469,342.4237911210236,322.0417564194042,328.61630382845595,3821400,CEG
2025-07-24,320.9144287109375,326.1520967570792,320.14222950000993,324.31639202090184,1818100,CEG
2025-07-25,326.58111572265625,327.5089240012805,320.2759530379608,321.7425014718077,1383900,CEG
2025-07-28,327.8880310058594,331.2201821973492,321.74249626097924,329.3096717179561,1701400,CEG
2025-07-29,329.74365234375,338.4431717269413,327.9279503609638,331.22018702958565,2696000,CEG
2025-07-30,344.458984375,347.3172754800285,330.721339686986,330.721339686986,3026600,CEG
2025-07-31,347.02294921875,353.1784697999191,343.4663206705278,348.6591116096612,3581100,CEG
2025-08-01,339.9695739746094,342.5734593275038,326.24191475086747,335.6447647317762,2871900,CEG
2025-08-04,354.0564270019531,356.16145628924016,343.7666273458294,344.31934215175085,2899300,CEG
2025-08-05,342.76300048828125,352.94602613792557,338.163813021623,351.20312038649854,3380500,CEG
2025-08-06,337.6650085449219,343.25186122037667,331.51947364651136,342.8128922672118,2946500,CEG
2025-08-07,335.61981201171875,344.4390441297002,321.2436559298,334.47251932972,3632000,CEG
2025-08-08,334.9763488769531,341.39623151263163,331.46959051377036,337.91440833871303,1961000,CEG
2025-08-11,330.7113342285156,337.5053353900684,327.2295418340044,335.4501766788556,1829800,CEG
2025-08-12,337.77471923828125,338.93199809585343,330.1426948868592,332.267666023221,1890600,CEG
2025-08-13,326.8604431152344,341.9449232612814,321.74248797013354,338.9669492657276,2788100,CEG
2025-08-14,325.4437561035156,332.80642607696285,322.5007036324069,324.67557571869645,2020700,CEG
2025-08-15,321.4731140136719,327.16570466451293,318.9290855273923,327.1198227017223,1749100,CEG
2025-08-18,322.4000549316406,325.62636392834816,319.41349159360135,321.7008755072448,1860300,CEG
2025-08-19,316.87139892578125,321.43019392558176,313.49029923882625,320.48227646360283,2122300,CEG
2025-08-20,313.849853515625,315.1683478875802,304.4306692107539,313.5651765160483,2638500,CEG
2025-08-21,312.16180419921875,317.8353174152163,310.3439133009287,314.6190066961781,1622600,CEG
2025-08-22,309.80450439453125,317.6355146835341,308.84561326268994,313.560204511259,1856300,CEG
2025-08-25,310.32391357421875,317.2559618831014,309.62970281749523,310.05423400256984,1386200,CEG
2025-08-26,316.2171325683594,318.11497923431585,309.9543300185025,310.41379424587103,1674000,CEG
2025-08-27,315.577880859375,319.1237997557626,313.779956162001,315.98741458677017,1369900,CEG
2025-08-28,319.1837463378906,323.59869391611454,315.43804427407906,316.93632509960366,1751500,CEG
2025-08-29,307.62701416015625,317.62552029053785,305.53941330914034,316.9862696889951,2326300,CEG
2025-09-02,306.8379211425781,307.10260156577704,296.6495995293728,300.14558805589996,2426900,CEG
2025-09-03,308.12646484375,309.235178051169,303.5716934569975,306.1686892344986,1374400,CEG
2025-09-04,308.7057800292969,311.80223317703866,306.89785693154664,309.6447051221463,1757700,CEG
2025-09-05,301.2343444824219,312.63127109138946,292.8190126033643,310.69349209493316,2821200,CEG
2025-09-08,298.4775085449219,304.4406671243012,296.0203061777205,303.8613148331335,2333700,CEG
2025-09-09,300.4752197265625,304.9500654247994,296.01034183856626,300.2654384725076,2081600,CEG
2025-09-10,319.63323974609375,327.9247206348053,308.1464201927185,308.1464201927185,4040700,CEG
2025-09-11,317.6355285644531,321.89163122023893,315.7476801309594,319.64323458433995,2263800,CEG
2025-09-12,323.1092529296875,325.03703353575963,314.91964512901114,317.6954516745053,1414800,CEG
2025-09-15,330.04132080078125,334.4762040963087,324.2379515670082,325.37665965069647,2049300,CEG
2025-09-16,322.5399169921875,332.47849502257935,321.13951577487364,331.65945799012457,2374000,CEG
2025-09-17,320.9067687988281,325.82614236458375,315.82160036729266,322.1603352743437,2171800,CEG
2025-09-18,322.3401184082031,329.75162741076616,319.22369926365604,324.80728864473633,1732400,CEG
2025-09-19,330.520751953125,331.47964316936435,319.393535272579,325.33669773368376,3416400,CEG
2025-09-22,346.7221374511719,346.93188822086347,326.1257763027732,332.58836181818424,2879900,CEG
2025-09-23,336.26416015625,348.0406562010182,335.75476539418054,346.35259066730475,2522700,CEG
2025-09-24,338.7413024902344,344.0052511733281,335.1154582289024,339.29965226774067,1735200,CEG
2025-09-25,325.9559631347656,336.17424898386395,324.6874297202603,334.6160394180179,2447800,CEG
2025-09-26,330.8803405761719,332.45851626815147,326.06585763829617,328.34324322776337,1263500,CEG
2025-09-29,333.88189697265625,340.1546979345603,322.19029558217056,334.51614843956236,2286700,CEG
2025-09-30,328.6928405761719,336.393995150526,326.8349565820763,334.53614163903046,2159600,CEG
2025-10-01,350.497802734375,351.8462615009483,323.50878323045123,325.67627897057736,2818400,CEG
2025-10-02,357.05029296875,357.2700420376899,342.81662543551477,351.846272882955,2161800,CEG
2025-10-03,359.58740234375,376.3481694892463,358.27890617938505,358.45869256473253,3355200,CEG
2025-10-06,363.6827087402344,368.07765977536013,352.5954244252432,367.20866176518274,2159900,CEG
2025-10-07,357.74951171875,370.8844342323481,354.97269913302523,362.71381675495815,2167700,CEG
2025-10-08,370.57476806640625,376.0674581631687,363.29311516684686,368.387275757002,3342800,CEG
2025-10-09,382.790771484375,386.41658535046633,372.32277217425735,373.8010868443527,2888800,CEG
2025-10-10,368.0676574707031,391.73050838976786,366.9589442925879,380.5633292973396,3084600,CEG
2025-10-13,380.4734191894531,386.55643540654336,374.8199028069907,375.88868372975264,3270500,CEG
2025-10-14,389.1134948730469,394.687116304631,365.74032138980317,374.2705416177166,3110900,CEG
2025-10-15,403.4870300292969,412.22700132789134,395.24648566205065,396.5200182404685,3537700,CEG
2025-10-16,396.0755310058594,411.21815960648325,394.26760790711205,406.43364094763524,3062300,CEG
2025-10-17,386.0570068359375,401.5492395555063,382.3911998528616,390.85149304603465,2882900,CEG
2025-10-20,369.575927734375,398.0432627085093,367.7080758957444,395.48619926873897,3072900,CEG
2025-10-21,358.3787841796875,369.12444959254026,354.79290248805256,368.94164543649464,2753700,CEG
2025-10-22,349.6587829589844,362.5240256694891,343.0763396198956,360.5862467249354,3571800,CEG
2025-10-23,365.3807373046875,367.11376463835904,353.3845229276959,353.59427370747875,2317500,CEG
2025-10-24,388.7439270019531,390.66771436965814,373.1717993513974,375.9985422958824,2999900,CEG
2025-10-27,390.7016906738281,395.1795543433272,383.7097134850452,392.29986298492736,2642300,CEG
2025-10-28,384.5088195800781,400.54041242291726,375.06963806684644,396.5749612352367,2865600,CEG
2025-10-29,400.96990966796875,405.57762924587394,380.11383557165675,381.642080803752,2615900,CEG
2025-10-30,382.0416259765625,400.5204219333505,381.5521668689985,396.6947946731217,2218200,CEG
2025-10-31,376.5679016113281,388.02475649504044,371.72046704539184,387.5552939660353,2383800,CEG
2025-11-03,377.2770690917969,384.53973133978286,374.73000403523076,380.48341181230194,2506700,CEG
2025-11-04,362.4041748046875,374.0108521010576,360.0668603656813,368.3673337327962,3192200,CEG
2025-11-05,362.83367919921875,370.55483082047084,356.6507711191979,364.5117464355063,3228300,CEG
2025-11-06,350.8973388671875,363.4629371396571,348.1504908301376,360.54627053888197,3909800,CEG
2025-11-07,357.979248046875,358.6884257494343,331.73933774357437,335.09550255034344,5775300,CEG
2025-11-10,360.5163269042969,378.3458749226003,352.26581450787614,366.7791602982924,2436300,CEG
2025-11-11,351.2669372558594,363.14329335730446,348.0306301420091,359.20780685709485,1830100,CEG
2025-11-12,353.6142272949219,354.58311674404507,345.80321339243386,354.2235439914304,1994300,CEG
2025-11-13,335.3551940917969,350.5877158605912,333.272592273618,349.8286076350367,3604300,CEG
2025-11-14,338.1319885253906,351.57658306313266,326.45538478067135,328.2733060722971,2732800,CEG
2025-11-17,338.6700134277344,347.989990234375,334.0799865722656,336.68499755859375,2129500,CEG
2025-11-18,339.3500061035156,344.54998779296875,333.75,333.75,3169000,CEG
2025-11-19,357.2300109863281,361.1300048828125,342.92999267578125,344.2749938964844,1634222,CEG
